sample number,reduction,reduction_depth,mu,std,q1,env,ws,baltimore_vol_rel,chester_rel,nuclear_rel,env_rel
0,0.7777780860376463,0.5729716064623018,0.6073566126602535,1.1923924843034135,0.396407722788503,1.1448961371424293,1.0027257585412657,1.0,0.7597778473091364,0.8305694618272841,0.8708933041301627
1,0.7777780860376463,0.5729716064623018,0.8589877783758026,1.404737812162114,0.9310071530509829,1.344322737651885,1.1135989643983362,1.0,0.8838782853566959,0.9319852941176471,0.9556476846057572
2,0.7777780860376463,0.5729716064623018,0.8935184628709057,1.116392212519563,0.9790042691766272,1.140264068623761,1.1313921412300854,1.0,0.9665597622027534,0.9860763454317898,0.9928817271589487
3,0.7777780860376463,0.5729716064623018,0.6517199896591295,1.1091886684969405,0.43381387750947376,1.1139417872511987,1.0649820974221909,1.0,0.8263845431789737,0.879654255319149,0.9103958072590739
4,0.7777780860376463,0.5729716064623018,0.8281285994726348,1.0122225979837107,0.3916293241855019,1.3892369320976488,1.1584788508066954,1.0,0.8734746558197747,0.9081273466833542,0.9371088861076345
5,0.7777780860376463,0.5729716064623018,0.628825480101798,1.4555919231869998,0.3265721828117675,1.335423241706542,1.2838962669589118,1.0,0.6646198372966208,0.7387359198998749,0.7898936170212766
6,0.7777780860376463,0.5729716064623018,0.9774410982437061,1.3015118481291352,0.8340327719414655,1.2197721086409623,1.206936338995137,1.0,0.9436795994993742,0.9688673341677096,0.9833776595744681
7,0.7777780860376463,0.5729716064623018,0.8580884088542172,1.1440825055616883,0.9379359474043758,1.2709964265326916,1.1671743478190062,1.0,0.9326892991239049,0.9617881727158949,0.9791927409261577
8,0.7777780860376463,0.5729716064623018,0.7246870117590565,1.1420284857587957,0.818466431276665,1.06690109592359,1.254142226003308,1.0,0.9198216520650814,0.9552956821026283,0.9773545056320401
9,0.7777780860376463,0.5729716064623018,0.8024380776934407,1.0411024837684262,0.8573870183982666,1.1162880223439533,1.3806022324381224,1.0,0.9448529411764706,0.9735215894868585,0.9869759073842302
10,0.7777780860376463,0.5729716064623018,0.6888166135450887,1.2367180425234399,0.5254503052834348,1.223340621965753,1.0711214296690101,1.0,0.809058197747184,0.8676470588235294,0.8997183979974969
11,0.7777780860376463,0.5729716064623018,0.6918758037033431,1.1795698447823337,0.8290010347875498,1.1048510535292602,1.3475791789947638,1.0,0.8872809762202754,0.9364831038798498,0.963665519399249
12,0.7777780860376463,0.5729716064623018,0.911279810852687,1.005773131943575,0.8269197549596801,1.3716363381653638,1.370764798894421,1.0,0.9371088861076345,0.9612406132665833,0.9780585106382979
13,0.7777780860376463,0.5729716064623018,0.8424314729651259,1.3596929343932593,0.9128628018960878,1.3280651839790907,1.2789606693826572,1.0,0.8833698372966208,0.9320635168961201,0.9558041301627034
14,0.7777780860376463,0.5729716064623018,0.7450732698462201,1.2989960496329185,0.9554306768686491,1.0648048092849107,1.2659912600734258,1.0,0.931476846057572,0.968319774718398,0.9852550062578223
15,0.7777780860376463,0.5729716064623018,0.9016323424787049,1.1527323267947867,0.682788277179184,1.117395953323302,1.3508426542909924,1.0,0.9414502503128911,0.9676939924906133,0.9826345431789737
16,0.7777780860376463,0.5729716064623018,0.6497479821632155,1.0328295267476757,0.5784074860164148,1.0688102057974702,1.1572506058689855,1.0,0.8675688360450563,0.9093397997496871,0.945165832290363
17,0.7777780860376463,0.5729716064623018,0.8595048363324145,1.0037103476916425,0.8470923280830698,1.347739115846995,1.3071281469803309,1.0,0.928035043804756,0.9568210262828536,0.9750078222778473
18,0.7777780860376463,0.5729716064623018,0.8842428204156672,1.166902330391467,0.37931763156054366,1.3942256323012,1.278286990337147,1.0,0.8694852941176471,0.9033557571964956,0.9321808510638298
19,0.7777780860376463,0.5729716064623018,0.6233412653323035,1.4645625744146593,0.7727430903107237,1.3466996809807457,1.2431478924469883,1.0,0.7018147684605758,0.7854740300375469,0.8400735294117647
20,0.7777780860376463,0.5729716064623018,0.9161021816835391,1.2642928104217546,0.984678729018168,1.145911990269763,1.01303135103099,1.0,0.9599890488110138,0.9826345431789737,0.9916692740926157
21,0.7777780860376463,0.5729716064623018,0.8409980560440098,1.3916212708571125,0.8004049215751312,1.255414924756555,1.1774883877767983,1.0,0.8818053817271589,0.9295603879849812,0.9545134543178974
22,0.7777780860376463,0.5729716064623018,0.6667818302269864,1.3098635945189212,0.887403302579177,1.2842360862995084,1.2652471694259948,1.0,0.8141426783479349,0.8757822277847309,0.9125078222778473
23,0.7777780860376463,0.5729716064623018,0.855770460909554,1.2536169738292449,0.6297449135903219,1.2440907064253879,1.0594046767877063,1.0,0.8882196495619524,0.9318288485607009,0.9554912390488111
24,0.7777780860376463,0.5729716064623018,0.7635221963798643,1.191992963909358,0.7450395600837937,1.1389203835883692,1.1077158872132202,1.0,0.8960419274092616,0.9393773466833542,0.9642130788485607
25,0.7777780860376463,0.5729716064623018,0.8547769307043998,1.3863271179897942,0.5384885691357405,1.3252181813934318,1.212975667120123,1.0,0.8538798498122653,0.8912312265331664,0.9224030037546933
26,0.7777780860376463,0.5729716064623018,0.8022575579676303,1.3999011768138623,0.35455539170921907,1.1789489512475413,1.2633307457321161,1.0,0.8363188360450563,0.8821182728410513,0.9122340425531915
27,0.7777780860376463,0.5729716064623018,0.685812171865981,1.371557407013339,0.3495397709545101,1.3640719332886162,1.1458535386461106,1.0,0.7220353566958698,0.7882509386733416,0.834793491864831
28,0.7777780860376463,0.5729716064623018,0.7719796282539627,1.3136580653578036,0.8147915544837561,1.0609000615991633,1.1688037379729885,1.0,0.9184918648310388,0.9539267834793492,0.9768851689612015
29,0.7777780860376463,0.5729716064623018,0.8799914550320891,1.0968516396447994,0.6003545827866189,1.2131575215671921,1.3061299284462553,1.0,0.9207603254067585,0.9531445556946183,0.9714095744680851
30,0.7777780860376463,0.5729716064623018,0.7924443599112516,1.2264881867752093,0.4580456397642279,1.1665509556272375,1.1963206943455784,1.0,0.8690941802252816,0.9037077596996246,0.938360450563204
31,0.7777780860376463,0.5729716064623018,0.6430957392550603,1.1319860500763625,0.3035681628371374,1.3183906630668552,1.391072208315247,1.0,0.7412781602002503,0.8114831038798498,0.8533322903629537
32,0.7777780860376463,0.5729716064623018,0.7377557750186252,1.082106439898236,0.653964376179401,1.2047709185313347,1.010359311357823,1.0,0.8774249061326658,0.9217772215269087,0.9506023153942428
33,0.7777780860376463,0.5729716064623018,0.7882976339872927,1.0606749916200091,0.4103103226647583,1.1132768980820344,1.3679825306254099,1.0,0.8909965581977471,0.9334324155193993,0.9570948060075094
34,0.7777780860376463,0.5729716064623018,0.6714136081547424,1.0534746638811492,0.8990525922561974,1.1928330836813936,1.3412127564468685,1.0,0.882744055068836,0.9338626408010012,0.9598717146433041
35,0.7777780860376463,0.5729716064623018,0.9464127007669026,1.4939800326939439,0.835005455812879,1.3702185621314833,1.098605623043534,1.0,0.8881414267834793,0.9324937421777222,0.9554912390488111
36,0.7777780860376463,0.5729716064623018,0.6256164129921552,1.4757143690743013,0.6772389521879943,1.183448955855306,1.3739267643758775,1.0,0.7462844180225281,0.8276361076345432,0.8724577596996246
37,0.7777780860376463,0.5729716064623018,0.7148665950278599,1.3966259535698842,0.37219417379731745,1.276786460043568,1.0758028721608877,1.0,0.7667787859824781,0.8298263454317898,0.8670603879849812
38,0.7777780860376463,0.5729716064623018,0.7353717114012104,1.224980559541609,0.6384992422160749,1.2966419937290468,1.384200189394761,1.0,0.8335028160200251,0.8823920525657072,0.9150891739674594
39,0.7777780860376463,0.5729716064623018,0.6621351755077951,1.3832377477179618,0.4314303070063138,1.3899633112958878,1.1264416244575477,1.0,0.7014627659574468,0.7718241551939925,0.8211045056320401
40,0.7777780860376463,0.5729716064623018,0.892712455598099,1.336605653815477,0.5376958030515089,1.2113089434191548,1.219369686214765,1.0,0.8869289737171464,0.9288954943679599,0.9536530037546934
41,0.7777780860376463,0.5729716064623018,0.6397114342161161,1.43737127544159,0.3756076793783112,1.0035852832514256,1.3271687311661153,1.0,0.7817193366708386,0.8486389236545682,0.8873591989987484
42,0.7777780860376463,0.5729716064623018,0.620288333022357,1.02706213365904,0.5679769973798985,1.1623163062972603,1.093000589504256,1.0,0.8255240926157696,0.880084480600751,0.9132900500625782
43,0.7777780860376463,0.5729716064623018,0.8080856268510442,1.1458486550506812,0.4689074297729505,1.2882520316240451,1.0270146796856399,1.0,0.8676079474342928,0.9017521902377973,0.9339799749687109
44,0.7777780860376463,0.5729716064623018,0.8497260976779152,1.2784358987702227,0.5988517351392454,1.3925402864475467,1.188278049078668,1.0,0.8599812265331664,0.8950250312891114,0.9263141426783479
45,0.7777780860376463,0.5729716064623018,0.8421700348969865,1.001457897393802,0.3202367956922617,1.2251006520406118,1.1557719564627296,1.0,0.8958854818523154,0.9346448685857321,0.9562343554443054
46,0.7777780860376463,0.5729716064623018,0.8278996463653109,1.1749853471072034,0.9105821395590616,1.1968609524653926,1.0773213346908386,1.0,0.9325328535669587,0.9628050688360451,0.9802096370463079
47,0.7777780860376463,0.5729716064623018,0.9923213855542306,1.3490634334780847,0.40088537637751365,1.080009396297173,1.2726329061846429,1.0,0.9247105757196495,0.9552956821026283,0.9733651439299124
48,0.7777780860376463,0.5729716064623018,0.7386535934625997,1.4220296159143468,0.5270376062465475,1.0102379334849727,1.117976947751179,1.0,0.862523466833542,0.9034730913642053,0.9411764705882353
49,0.7777780860376463,0.5729716064623018,0.8256811248105272,1.140065522120571,0.6879385882532674,1.0489002522637043,1.1603083080903538,1.0,0.9365222152690864,0.96659887359199,0.9823216520650814
50,0.7777780860376463,0.5729716064623018,0.9984460491525315,1.2389038282823814,0.3418754660224468,1.3013890233579317,1.3633979975149337,1.0,0.9026908635794744,0.9382822277847309,0.9587374843554443
51,0.7777780860376463,0.5729716064623018,0.7774601735262573,1.1304719449426888,0.3839260115977104,1.0049132854051244,1.0110484977256446,1.0,0.8954552565707135,0.9369915519399249,0.9606930538172715
52,0.7777780860376463,0.5729716064623018,0.9246836518512209,1.2909942229442226,0.5564668682403364,1.1423113075185576,1.358212698453579,1.0,0.9173185231539425,0.951188986232791,0.9702362327909887
53,0.7777780860376463,0.5729716064623018,0.7407228530503542,1.4905620858552417,0.6441731180784275,1.0011371407031195,1.249940151651382,1.0,0.8724577596996246,0.9211514392991239,0.9526361076345432
54,0.7777780860376463,0.5729716064623018,0.6784623796893368,1.2973300705530355,0.649026981878364,1.265117951321041,1.1906901901288554,1.0,0.7952909887359199,0.8582603254067585,0.893773466833542
55,0.7777780860376463,0.5729716064623018,0.6095905409815717,1.215197851159584,0.6259267503858178,1.1290057786784524,1.0607227665579906,1.0,0.7984590112640801,0.8644399249061326,0.9003441802252816
56,0.7777780860376463,0.5729716064623018,0.8325138620721317,1.2050273856616158,0.7536548489024422,1.2562050205879687,1.3629239863615537,1.0,0.8946339173967459,0.9386733416770964,0.9609668335419275
57,0.7777780860376463,0.5729716064623018,0.7786671446199416,1.075010243457064,0.8975664107658317,1.033279704559944,1.096175290217319,1.0,0.9581508135168961,0.9827127659574468,0.9925688360450563
58,0.7777780860376463,0.5729716064623018,0.962154496638439,1.3579344737854,0.6668318600870184,1.0996003769758937,1.0507879110418255,1.0,0.9377737797246558,0.9660122027534418,0.9816958698372966
59,0.7777780860376463,0.5729716064623018,0.9511049240261485,1.0233476400989574,0.3226776976652887,1.3218869964872755,1.025090212411583,1.0,0.9181007509386734,0.9476298498122653,0.9663250938673341
60,0.7777780860376463,0.5729716064623018,0.9606808015133623,1.4038561614623064,0.585174934923056,1.1712060166943354,1.0955951730290983,1.0,0.9140722778473092,0.9487640801001251,0.968319774718398
61,0.7777780860376463,0.5729716064623018,0.7071481792456157,1.2776290420979044,0.8571490681574996,1.088427762203428,1.1989520417011297,1.0,0.8920525657071339,0.9390644555694618,0.9675375469336671
62,0.7777780860376463,0.5729716064623018,0.9141039843603236,1.0674144045896619,0.4324534066193451,1.348859965453041,1.2675861778880544,1.0,0.9012046307884856,0.9381257822277848,0.9584637046307884
63,0.7777780860376463,0.5729716064623018,0.7631922706001406,1.0989008490758936,0.7834054227125151,1.0566360614104189,1.2152891156643992,1.0,0.934136420525657,0.9664033166458073,0.9823607634543179
64,0.7777780860376463,0.5729716064623018,0.9518872147182978,1.4022896927816777,0.782901766402243,1.0781730826786895,1.0377040778130329,1.0,0.9471605131414268,0.9736389236545682,0.9870541301627034
65,0.7777780860376463,0.5729716064623018,0.6690533095148865,1.4962075413180145,0.6621508148390164,1.1206159738428623,1.3768903567237623,1.0,0.8008448060075094,0.8674123904881101,0.9031993116395495
66,0.7777780860376463,0.5729716064623018,0.8078400956094279,1.042319233515084,0.7622858733315898,1.1335030629130214,1.0621659209062515,1.0,0.9359746558197747,0.965308197747184,0.981148310387985
67,0.7777780860376463,0.5729716064623018,0.9154596025440012,1.4480965875354594,0.7676768669650618,1.1743431706301046,1.0305107409780327,1.0,0.9164971839799749,0.951188986232791,0.9722700250312891
68,0.7777780860376463,0.5729716064623018,0.852005795967984,1.4436518913707963,0.9135454807852468,1.2720464173839567,1.022025567712338,1.0,0.8914267834793492,0.9362484355444305,0.9608494993742178
69,0.7777780860376463,0.5729716064623018,0.7975909714698831,1.3435284557486191,0.7882070154865302,1.074629895398441,1.018109803435202,1.0,0.91700563204005,0.9520885481852316,0.9753598247809763
70,0.7777780860376463,0.5729716064623018,0.988109266336922,1.0569600977297284,0.471852665907761,1.1657570656711087,1.2487582794203484,1.0,0.9483338548185232,0.9693366708385482,0.9820869837296621
71,0.7777780860376463,0.5729716064623018,0.6809077899353642,1.4394750647219339,0.7052031208717708,1.187517078964304,1.1151139146519393,1.0,0.8052252816020025,0.8688595118898623,0.9035122027534418
72,0.7777780860376463,0.5729716064623018,0.6353225394416094,1.3673907310088675,0.4285353605976879,1.0293842801401942,1.0368351665357676,1.0,0.7923967459324155,0.857438986232791,0.8939690237797246
73,0.7777780860376463,0.5729716064623018,0.7612320273596552,1.4623401585519973,0.7164614497345929,1.2408468014804206,1.2355829797287157,1.0,0.834715269086358,0.8846996245306633,0.9193914267834793
74,0.7777780860376463,0.5729716064623018,0.8067096408767022,1.3936647545768814,0.6031052049049688,1.3876021437895234,1.1099224723932941,1.0,0.8224734042553191,0.8740222152690864,0.9039033166458073
75,0.7777780860376463,0.5729716064623018,0.9419550025398907,1.2965798745895423,0.7191361251676143,1.2998713578397132,1.0798475050396947,1.0,0.9124295994993742,0.9469258448060075,0.9668726533166458
76,0.7777780860376463,0.5729716064623018,0.9666139540332124,1.2696486191230036,0.6975746348500298,1.0176738798927587,1.0570823974592156,1.0,0.9593241551939925,0.9820869837296621,0.9905741551939925
77,0.7777780860376463,0.5729716064623018,0.8835650407190091,1.4799877207957923,0.34211265191458984,1.0951553515551118,1.3226200095188272,1.0,0.8716755319148937,0.9064846683354193,0.9393773466833542
78,0.7777780860376463,0.5729716064623018,0.6214741700010848,1.073467231404752,0.8241424973372888,1.3663830332432514,1.1858464684446937,1.0,0.7906758448060075,0.856500312891114,0.8935779098873592
79,0.7777780860376463,0.5729716064623018,0.6246816889835863,1.2035578891177918,0.7150363401035131,1.1266491326130263,1.034023364277804,1.0,0.827988110137672,0.8845040675844806,0.9210732165206508
80,0.7777780860376463,0.5729716064623018,0.9918950782862208,1.234452521985201,0.8642019941554948,1.0943207465362261,1.3820305891642202,1.0,0.9688673341677096,0.9860372340425532,0.9928035043804756
81,0.7777780860376463,0.5729716064623018,0.6391220275151989,1.4121443672547562,0.9806824389843014,1.1647160608574973,1.2513377738804963,1.0,0.8391739674593242,0.8978410513141427,0.9389862327909887
82,0.7777780860376463,0.5729716064623018,0.7300570996171445,1.010667680700069,0.8502692990552803,1.382600204932035,1.299631603437932,1.0,0.8697199624530663,0.9112953692115144,0.9457133917396746
83,0.7777780860376463,0.5729716064623018,0.6412854619624273,1.2944259714811959,0.9359255315148232,1.259101315585835,1.1755121557435844,1.0,0.8157462453066333,0.8789502503128911,0.9172794117647058
84,0.7777780860376463,0.5729716064623018,0.9398900046764591,1.2374068788300088,0.9549702713917791,1.3051211309458408,1.2222374247249048,1.0,0.9386733416770964,0.9660904255319149,0.9814612015018773
85,0.7777780860376463,0.5729716064623018,0.903557680140484,1.0377803774831986,0.6579101018544168,1.1803816007492807,1.0163058771048212,1.0,0.9450093867334167,0.9680459949937422,0.9819305381727159
86,0.7777780860376463,0.5729716064623018,0.8222514237549413,1.0165719245256541,0.6116576017776183,1.2224281172658267,1.019813305795555,1.0,0.9144242803504381,0.9485294117647058,0.9680459949937422
87,0.7777780860376463,0.5729716064623018,0.8884896721688664,1.1140732358730032,0.7315510190858114,1.0839255323009271,1.1929413818033696,1.0,0.9519712140175219,0.9763767209011264,0.9875625782227785
88,0.7777780860376463,0.5729716064623018,0.8478354126610287,1.0542008561734981,0.5439355889981411,1.3541804941812456,1.244200196222572,1.0,0.8868507509386734,0.9285826032540676,0.9518929912390488
89,0.7777780860376463,0.5729716064623018,0.8340263636849844,1.1269687108256496,0.5360238838899722,1.1153871513256806,1.3155760218769943,1.0,0.9123513767209012,0.9482165206508135,0.9682806633291614
90,0.7777780860376463,0.5729716064623018,0.7180915066926904,1.0517653082294203,0.8702222810144649,1.0531780764564556,1.33022360782832,1.0,0.9367568836045056,0.9700015644555695,0.9858025657071339
91,0.7777780860376463,0.5729716064623018,0.9335598981197916,1.2256049646818437,0.7386800772446551,1.2065999760527317,1.2764520345888424,1.0,0.934058197747184,0.9609277221526908,0.9785278473091364
92,0.7777780860376463,0.5729716064623018,0.9341713563326034,1.196558592593719,0.6865864443140268,1.2256111887741614,1.2309224332098014,1.0,0.9298732790988736,0.9577596996245307,0.9757118272841051
93,0.7777780860376463,0.5729716064623018,0.6876029540247186,1.1541937153984387,0.46509143767171574,1.2853435596322147,1.2731830075824186,1.0,0.801822590738423,0.8589252190237797,0.8926001251564456
94,0.7777780860376463,0.5729716064623018,0.6351742291273257,1.3246222315290892,0.31549558231777614,1.1046509845304868,1.3830897807968525,1.0,0.7540675844806007,0.8261498748435545,0.8665519399249062
95,0.7777780860376463,0.5729716064623018,0.7360294788171234,1.4244075965471277,0.3122824176455203,1.2534879939102554,1.3090644008742953,1.0,0.7738579474342928,0.8351454943679599,0.8714408635794744
96,0.7777780860376463,0.5729716064623018,0.644892740628167,1.0797158215209666,0.7459771680195895,1.0872943468485903,1.0666708421816191,1.0,0.8738657697121401,0.9236545682102628,0.9545525657071339
97,0.7777780860376463,0.5729716064623018,0.815248197249944,1.4268974067703457,0.9022259007918714,1.1563076014173532,1.1431607502550047,1.0,0.9088704630788486,0.9473560700876095,0.9723482478097623
98,0.7777780860376463,0.5729716064623018,0.9092676144957151,1.4334030843143903,0.40257052072724403,1.2629005141981111,1.255121967276241,1.0,0.865183041301627,0.898584167709637,0.9302643929912391
99,0.7777780860376463,0.5729716064623018,0.7557928157313734,1.2211493460574538,0.8175819591554832,1.1513476518556138,1.0578673098024791,1.0,0.8966677096370463,0.93965112640801,0.9661295369211514
100,0.7777780860376463,0.5729716064623018,0.7094180903779636,1.2629789393597068,0.5622842026217518,1.3749739844092739,1.3440186549077149,1.0,0.7834402377972466,0.8442975594493116,0.8804364831038799
101,0.7777780860376463,0.5729716064623018,0.6306569954023022,1.3145323174341619,0.8748168550032294,1.0732442329365353,1.2050359638545864,1.0,0.856578535669587,0.9116082603254068,0.9524405506883604
102,0.7777780860376463,0.5729716064623018,0.9351825042933533,1.1335853477411884,0.3461686337421196,1.2240575792003214,1.3344484289609309,1.0,0.9100046933667084,0.9436013767209012,0.963665519399249
103,0.7777780860376463,0.5729716064623018,0.9706994126817923,1.3724903944908036,0.798939291838298,1.3274292798284182,1.342638815363089,1.0,0.9143069461827285,0.9483338548185232,0.9680459949937422
104,0.7777780860376463,0.5729716064623018,0.6003093178857979,1.3660787113950599,0.7713625877468692,1.2283039244048461,1.3645751649521565,1.0,0.742255944931164,0.8268147684605758,0.8730444305381727
105,0.7777780860376463,0.5729716064623018,0.9254947790039033,1.4355799359166408,0.8454132548169617,1.0317008867464699,1.1637716904304896,1.0,0.9545525657071339,0.9802487484355444,0.9911217146433041
106,0.7777780860376463,0.5729716064623018,0.7196623688792787,1.3160962517649675,0.396778107844306,1.330684059425472,1.231297537366587,1.0,0.7739752816020025,0.8350281602002503,0.8712061952440551
107,0.7777780860376463,0.5729716064623018,0.7535870409622121,1.1677522124347386,0.519617102864322,1.235392967975343,1.3808654036212171,1.0,0.8549358573216521,0.8935779098873592,0.925962140175219
108,0.7777780860376463,0.5729716064623018,0.6312221971016967,1.078096392870304,0.5014759590235867,1.348513191038726,1.0820099013323152,1.0,0.7631023153942428,0.8292787859824781,0.8682728410513141
109,0.7777780860376463,0.5729716064623018,0.6123891664172992,1.086569524268042,0.40847361653552916,1.212785097399361,1.1491981191888851,1.0,0.7723326032540676,0.8369446182728411,0.8751955569461827
110,0.7777780860376463,0.5729716064623018,0.767261768720443,1.4737895493154118,0.9429460551235347,1.0808210846369681,1.3367390206618486,1.0,0.915714956195244,0.9550219023779725,0.9784887359198998
111,0.7777780860376463,0.5729716064623018,0.8293323356655985,1.1005622369006383,0.9761706082806476,1.1639993733364355,1.100779017116836,1.0,0.9521667709637046,0.9782931789737171,0.9891270337922403
112,0.7777780860376463,0.5729716064623018,0.8335358443658539,1.0577383099380735,0.3222767452632434,1.3204767039337513,1.316767566224612,1.0,0.8730444305381727,0.9071886733416771,0.9360919899874843
113,0.7777780860376463,0.5729716064623018,0.921515240168632,1.4683701815409713,0.8517335755652973,1.2105861979383052,1.3390957793322564,1.0,0.9180225281602002,0.9523232165206508,0.9735215894868585
114,0.7777780860376463,0.5729716064623018,0.935646137500044,1.4092964980310994,0.6482998889164375,1.2017553558846212,1.0701467905639648,1.0,0.9074233416770964,0.9441098247809763,0.965386420525657
115,0.7777780860376463,0.5729716064623018,0.8129197671846119,1.1320441209292502,0.9464698153983233,1.0241727703779855,1.1478829911333945,1.0,0.9689455569461827,0.9889705882352942,0.9951110763454318
116,0.7777780860376463,0.5729716064623018,0.7038700539087761,1.172478608678269,0.6858465805340735,1.2662873174721332,1.3252670214739377,1.0,0.8380397371714643,0.88575563204005,0.919938986232791
117,0.7777780860376463,0.5729716064623018,0.7160826997048275,1.0390857481942617,0.5713971263215922,1.245119834926953,1.184418118307271,1.0,0.8613892365456821,0.8988188360450563,0.9329630788485607
118,0.7777780860376463,0.5729716064623018,0.9440110858729374,1.1975028536322159,0.7531912246710664,1.3089545460484415,1.2717644063509856,1.0,0.9251408010012516,0.9556476846057572,0.9733260325406758
119,0.7777780860376463,0.5729716064623018,0.6221324257974824,1.1820087876325516,0.992195140458628,1.1783084691341288,1.060814876437961,1.0,0.8587687734668336,0.9118038172715894,0.9522058823529411
120,0.7777780860376463,0.5729716064623018,0.8401064003189147,1.2126582126226904,0.42454932947377644,1.1706601744775733,1.0055871514865395,1.0,0.8816880475594493,0.9230287859824781,0.9490769712140176
121,0.7777780860376463,0.5729716064623018,0.6773985133404397,1.291024211728213,0.9193092612770304,1.1186146778530721,1.3777352435842616,1.0,0.8783244680851063,0.9325328535669587,0.961436170212766
122,0.7777780860376463,0.5729716064623018,0.6565404828911249,1.222429995921478,0.35289227893265035,1.026569346027584,1.2250135072810817,1.0,0.8196964956195244,0.8764471214017522,0.9070713391739674
123,0.7777780860376463,0.5729716064623018,0.7338407956413608,1.2317299857593096,0.9590742381191459,1.1376015440375764,1.3492467510719057,1.0,0.915206508135169,0.9530272215269087,0.9768069461827285
124,0.7777780860376463,0.5729716064623018,0.7173336489269194,1.2332255736524698,0.30016634093658073,1.0580648775392751,1.1786333929089656,1.0,0.8389392991239049,0.8853254067584481,0.9161451814768461
125,0.7777780860376463,0.5729716064623018,0.7372613508142957,1.122231339664735,0.9468775348813621,1.3910135730547661,1.2963978920591728,1.0,0.8647137046307884,0.9075015644555695,0.9437969336670838
126,0.7777780860376463,0.5729716064623018,0.9748928547615476,1.4137651863449405,0.4607906393563896,1.1551038922219734,1.0848326104303752,1.0,0.9062891113892365,0.9432493742177722,0.964017521902378
127,0.7777780860376463,0.5729716064623018,0.8716921163041071,1.3752689100729047,0.3062810065450399,1.3513210801500786,1.295731316702383,1.0,0.836005944931164,0.8789502503128911,0.9075015644555695
128,0.7777780860376463,0.5729716064623018,0.6750552935544353,1.16925773943453,0.30221355387671894,1.1442692621888264,1.1818471092079625,1.0,0.8059292866082604,0.8629536921151439,0.8951814768460575
129,0.7777780860376463,0.5729716064623018,0.9819038966634932,1.4818997622887202,0.7115714566927471,1.3563107966455912,1.3541277615878913,1.0,0.8894712140175219,0.9324937421777222,0.9554130162703379
130,0.7777780860376463,0.5729716064623018,0.8530820695607144,1.0927277951126935,0.9007743865404658,1.0394034187765457,1.3126225176269435,1.0,0.9702362327909887,0.988462140175219,0.9942897371714643
131,0.7777780860376463,0.5729716064623018,0.7458764082131704,1.0024338268147641,0.884988662509059,1.3945611804245448,1.234632782705464,1.0,0.8781680225281602,0.9247887984981227,0.9519321026282853
132,0.7777780860376463,0.5729716064623018,0.6628983113403284,1.2855585118704127,0.3894917107935813,1.1248296243440878,1.3870582608858535,1.0,0.7909496245306633,0.8536842928660826,0.8889236545682102
133,0.7777780860376463,0.5729716064623018,0.7891804607517925,1.0293865641079747,0.3950032937796133,1.077265786266472,1.214559687647037,1.0,0.9021433041301627,0.9410200250312891,0.9632352941176471
134,0.7777780860376463,0.5729716064623018,0.7103044661248245,1.2446396617664286,0.791439840874594,1.0724068836861549,1.0539652212942694,1.0,0.8920134543178974,0.9384386733416771,0.9656993116395495
135,0.7777780860376463,0.5729716064623018,0.6225077865894798,1.4635256164974402,0.3899871542823952,1.001965714192499,1.3086820307294365,1.0,0.7633760951188986,0.8380788485607009,0.878363579474343
136,0.7777780860376463,0.5729716064623018,0.9715028585664749,1.4944446093665418,0.4590531540246745,1.2275202576020292,1.277378658250255,1.0,0.8837609511889862,0.9242412390488111,0.9496636420525657
137,0.7777780860376463,0.5729716064623018,0.7087100738756158,1.2302217494609093,0.5219217693700023,1.3434555650650108,1.1825182154274616,1.0,0.7941567584480601,0.853214956195244,0.8866551939924906
138,0.7777780860376463,0.5729716064623018,0.9288256427960773,1.0691704770218662,0.44356019522024626,1.163130864379995,1.2824981261442974,1.0,0.9319852941176471,0.9581899249061326,0.9754771589486858
139,0.7777780860376463,0.5729716064623018,0.9234564957794709,1.0587211013102586,0.6933122463774747,1.3022561461937505,1.21071912720513,1.0,0.9332759699624531,0.9585028160200251,0.9759856070087609
140,0.7777780860376463,0.5729716064623018,0.6590574428942124,1.417082401767168,0.4154766000954177,1.0704253540870452,1.1257625216710234,1.0,0.7863735919899875,0.8512984981226533,0.8876329787234043
141,0.7777780860376463,0.5729716064623018,0.6960712719729627,1.2709240118400666,0.545211030584758,1.1724526723177924,1.259107996954751,1.0,0.8230209637046308,0.8778160200250313,0.9093397997496871
142,0.7777780860376463,0.5729716064623018,0.7212422153125546,1.0770106211402541,0.8014428169087868,1.1429455070894767,1.2605103778509028,1.0,0.9022997496871089,0.9434449311639549,0.9685935544430538
143,0.7777780860376463,0.5729716064623018,0.6299288999014395,1.4694874614596305,0.9070963143451465,1.1415132842785989,1.0727840011357965,1.0,0.8203613892365457,0.8858338548185232,0.9235763454317898
144,0.7777780860376463,0.5729716064623018,0.8765699124393016,1.3001677820645166,0.7937312824224405,1.3336778655030144,1.013896736076327,1.0,0.8896276595744681,0.9340190863579474,0.9567428035043805
145,0.7777780860376463,0.5729716064623018,0.8492360484015384,1.3959511118838488,0.472520896730124,1.3806819556643288,1.008180912247611,1.0,0.8335810387984981,0.8784026908635795,0.9076971214017522
146,0.7777780860376463,0.5729716064623018,0.7322890225470876,1.1561026418933469,0.34813170540681904,1.2806190516413052,1.3687444513614953,1.0,0.8180147058823529,0.8704630788485607,0.8997575093867334
147,0.7777780860376463,0.5729716064623018,0.6380875276330084,1.3119200175390362,0.8537409272773167,1.1792240666225853,1.2892467830813592,1.0,0.8235294117647058,0.8839956195244055,0.9217772215269087
148,0.7777780860376463,0.5729716064623018,0.7544029572209575,1.3404049454325397,0.9975112195481206,1.35109565286074,1.2208922867295091,1.0,0.8594727784730913,0.9039033166458073,0.9410200250312891
149,0.7777780860376463,0.5729716064623018,0.603740260980702,1.121173067781741,0.4917329363593044,1.1182716736054017,1.0482584853421546,1.0,0.796229662077597,0.8602158948685857,0.8956508135168961
150,0.7777780860376463,0.5729716064623018,0.9439546565397035,1.10841747853387,0.6180782682257744,1.238418351317554,1.1170081996037895,1.0,0.9350359824780976,0.9597543804755945,0.9770416145181476
151,0.7777780860376463,0.5729716064623018,0.9570124820184223,1.0761025212318973,0.8905944724842856,1.112641888234803,1.0884516249968639,1.0,0.9746558197747184,0.9886968085106383,0.9940159574468085
152,0.7777780860376463,0.5729716064623018,0.8435746971283811,1.4495506340945392,0.4231432267894253,1.1848381644510595,1.065866693740865,1.0,0.8566176470588236,0.8929912390488111,0.924671464330413
153,0.7777780860376463,0.5729716064623018,0.8945071795942968,1.1731234509881028,0.7958606803723927,1.0170186479052783,1.2367588645236045,1.0,0.9626095118898623,0.9847465581977471,0.9924515018773467
154,0.7777780860376463,0.5729716064623018,0.7603007764421383,1.2689467444394198,0.811225538590967,1.2973289592836423,1.3501346019326967,1.0,0.8607243429286608,0.9014001877346683,0.9372653316645807
155,0.7777780860376463,0.5729716064623018,0.7334293065881768,1.2412891289604269,0.9871857805167459,1.1102981771995672,1.1532706163003728,1.0,0.9266661451814768,0.9640566332916145,0.9830647684605757
156,0.7777780860376463,0.5729716064623018,0.729371632064979,1.4535544894183958,0.6394859884039401,1.3625187951880495,1.108460471654027,1.0,0.7760090738423029,0.8402299749687109,0.8771902377972466
157,0.7777780860376463,0.5729716064623018,0.672357244857934,1.3849089664589642,0.8668115645279979,1.3912952876542364,1.046294999341832,1.0,0.7666223404255319,0.8391348560700876,0.87930225281602
158,0.7777780860376463,0.5729716064623018,0.7493076915052899,1.4526975182319912,0.3982838311026569,1.0902988228822952,1.0589152264979662,1.0,0.827988110137672,0.8799280350438048,0.9097309136420526
159,0.7777780860376463,0.5729716064623018,0.7813452424431372,1.2718329728188686,0.6991388343718902,1.2825672411418507,1.3034751066583397,1.0,0.8605678973717146,0.8991708385481852,0.9334715269086358
160,0.7777780860376463,0.5729716064623018,0.6021765121825009,1.4982981766352084,0.4864182534301279,1.1761414402520445,1.2405305608024195,1.0,0.6954005006257822,0.7732712765957447,0.8286530037546933
161,0.7777780860376463,0.5729716064623018,0.9742488486820842,1.2561654030410163,0.5696227324576051,1.049816347828155,1.1363916603343953,1.0,0.9488814142678348,0.9719962453066333,0.9845510012515645
162,0.7777780860376463,0.5729716064623018,0.6155095640631871,1.4361777626550007,0.673443538091077,1.307150485801383,1.0831522540948408,1.0,0.7005632040050063,0.7809762202753442,0.8354192740926157
163,0.7777780860376463,0.5729716064623018,0.6887099467154426,1.006289268857298,0.47602890372360185,1.1529418736464665,1.0174486972802939,1.0,0.8635403629536921,0.9001095118898623,0.9349968710888611
164,0.7777780860376463,0.5729716064623018,0.9928915724284182,1.1648140178419788,0.9986335122633552,1.2148194126891414,1.345959021853488,1.0,0.9683588861076345,0.9852550062578223,0.9924123904881101
165,0.7777780860376463,0.5729716064623018,0.7976844794638526,1.2889858377748353,0.8587741508348647,1.2684443626551414,1.1504946235368272,1.0,0.8817271589486859,0.93104662077597,0.9556476846057572
166,0.7777780860376463,0.5729716064623018,0.8938570203462404,1.072684449307609,0.9783981520593612,1.3320738513023584,1.0923086146398435,1.0,0.9431711514392991,0.968397997496871,0.983299436795995
167,0.7777780860376463,0.5729716064623018,0.983420578796943,1.106639966691645,0.7098056899013538,1.194399661082585,1.2620465292021268,1.0,0.9540050062578223,0.9755553817271589,0.9860372340425532
168,0.7777780860376463,0.5729716064623018,0.9080363994228196,1.18946815265125,0.38404667820980465,1.2778761085694565,1.3294244554076817,1.0,0.8868507509386734,0.926822590738423,0.9505632040050063
169,0.7777780860376463,0.5729716064623018,0.7917034379266163,1.4709860683637606,0.7666919349701826,1.275574524037396,1.3406173169467221,1.0,0.8491864831038798,0.8923263454317898,0.9270572590738423
170,0.7777780860376463,0.5729716064623018,0.7692254000268066,1.3820565723939153,0.8031368530461032,1.0456860655518603,1.0064797364497409,1.0,0.9127424906132666,0.950328535669587,0.9752816020025031
171,0.7777780860376463,0.5729716064623018,0.9131299382715253,1.0095432443777208,0.968236511152267,1.0003797439111317,1.242184000103603,1.0,0.9857634543178974,0.9963626408010012,0.9983182102628285
172,0.7777780860376463,0.5729716064623018,0.6852236444230543,1.1843169446966622,0.41199714812297794,1.2714706339491069,1.0367735726431082,1.0,0.7929443053817271,0.8519633917396746,0.8859120775969962
173,0.7777780860376463,0.5729716064623018,0.8819408818446258,1.3304603651937963,0.5795343401879626,1.3989125859594345,1.0385147796784135,1.0,0.8624843554443054,0.8967068210262829,0.9279177096370463
174,0.7777780860376463,0.5729716064623018,0.7317622518244371,1.3971236759259726,0.7327567310441518,1.0638844905436118,1.3524706609428216,1.0,0.8746871088861077,0.9243194618272841,0.9548654568210263
175,0.7777780860376463,0.5729716064623018,0.6188891468694617,1.022424059268248,0.6214073527278436,1.0410293147510634,1.3902620272293538,1.0,0.8631101376720901,0.9089486858573217,0.9459480600750939
176,0.7777780860376463,0.5729716064623018,0.8540825709480457,1.0446199252235862,0.7767353425378363,1.0961783518194352,1.1049259210078477,1.0,0.9539658948685857,0.977784730913642,0.9885403629536921
177,0.7777780860376463,0.5729716064623018,0.6753855575371406,1.0716209974803663,0.7617660130423698,1.0119962256059363,1.2074516776877278,1.0,0.9153238423028786,0.9530663329161452,0.9768069461827285
178,0.7777780860376463,0.5729716064623018,0.7853691364279571,1.3102536763735608,0.4382462731464253,1.322542833916229,1.0090893737696836,1.0,0.8222778473091364,0.8728879849812266,0.9019086357947435
179,0.7777780860376463,0.5729716064623018,0.7646026825785127,1.4863119876207493,0.7417101456747537,1.0157166519984293,1.1717996923002891,1.0,0.8928739048811014,0.9394946808510638,0.9669117647058824
180,0.7777780860376463,0.5729716064623018,0.795442138649848,1.1041617605505984,0.7955170257658295,1.0348753330198792,1.2749009015368005,1.0,0.9451267209011264,0.9748904881101377,0.9881883604505632
181,0.7777780860376463,0.5729716064623018,0.8914328855533424,1.3522346501543547,0.9775687535094078,1.1695714323941377,1.375820181101199,1.0,0.9413329161451814,0.9725438047559449,0.9863892365456821
182,0.7777780860376463,0.5729716064623018,0.6175161930387127,1.2184161162157778,0.480883652638346,1.2213873508009945,1.360998793029268,1.0,0.7471839799749687,0.8227080725907384,0.8640879224030038
183,0.7777780860376463,0.5729716064623018,0.6818729701075962,1.3262585636140265,0.8045628562444977,1.121929654260944,1.3650187990181468,1.0,0.8559527534418022,0.9051157697121401,0.9441489361702128
184,0.7777780860376463,0.5729716064623018,0.9791341710246682,1.206204667945623,0.6655975024595777,1.1900254224056797,1.1576323363844452,1.0,0.9431320400500626,0.9668335419274092,0.9811091989987485
185,0.7777780860376463,0.5729716064623018,0.9361632940241685,1.242833918251196,0.37455893050870104,1.3115757295055979,1.0686446715238187,1.0,0.8850516270337923,0.9224421151439299,0.9476298498122653
186,0.7777780860376463,0.5729716064623018,0.9596945458227419,1.0843385295880574,0.3247101866237979,1.2839134423380874,1.1446362438688689,1.0,0.9156758448060075,0.9461045056320401,0.9656602002503129
187,0.7777780860376463,0.5729716064623018,0.9282919405056566,1.1288687521876593,0.86415231362701,1.3215106992406023,1.0567880829619503,1.0,0.9375,0.9629224030037546,0.9792318523153942
188,0.7777780860376463,0.5729716064623018,0.6470589378877851,1.0137620211051366,0.5828879605274148,1.2421024160953051,1.197578517299662,1.0,0.8273232165206508,0.8797715894868585,0.9123513767209012
189,0.7777780860376463,0.5729716064623018,0.6109492774013441,1.1018660732596202,0.8496876934575948,1.1285941985401449,1.2597470503856996,1.0,0.8539189612015019,0.9060935544430538,0.9464956195244055
190,0.7777780860376463,0.5729716064623018,0.954891143238356,1.292268491881167,0.6201001799383671,1.0162609076553366,1.3339475596734158,1.0,0.9500547559449312,0.9743429286608261,0.9868194618272841
191,0.7777780860376463,0.5729716064623018,0.6367975891815518,1.0007776663440529,0.4956096717066303,1.1593573869445344,1.1208326838536047,1.0,0.8341285982478097,0.883956508135169,0.9163407384230288
192,0.7777780860376463,0.5729716064623018,0.984579064229453,1.159448834973158,0.820425749562695,1.2340749805356905,1.2871738594035924,1.0,0.9527534418022529,0.9750860450563203,0.9864283479349186
193,0.7777780860376463,0.5729716064623018,0.8127097019497362,1.2093458194945401,0.4739802193808442,1.0104057931218773,1.1744295587359224,1.0,0.9065628911138923,0.945244055068836,0.9670682102628285
194,0.7777780860376463,0.5729716064623018,0.625490258934267,1.4877346958539395,0.4629138478363606,1.386029000064704,1.3218573515653838,1.0,0.6576188986232792,0.7324780976220275,0.7852784730913642
195,0.7777780860376463,0.5729716064623018,0.8304686994012516,1.0974945177511164,0.9035316422313944,1.2500993325615484,1.1955452349190048,1.0,0.9309683979974969,0.9603410513141427,0.9779802878598248
196,0.7777780860376463,0.5729716064623018,0.9012538924405471,1.4894093578162448,0.5559834812157343,1.2204086149827953,1.0403648276221924,1.0,0.8748826658322904,0.9132900500625782,0.9440316020025031
197,0.7777780860376463,0.5729716064623018,0.8060705123646732,1.1681039482386086,0.6096605441443445,1.2367428621805265,1.0185572505786111,1.0,0.8807102628285357,0.9241239048811014,0.9510716520650814
198,0.7777780860376463,0.5729716064623018,0.799399601564385,1.2113286281193176,0.7602235564658122,1.0208552887981146,1.1687478502696171,1.0,0.9371088861076345,0.968397997496871,0.984590112640801
199,0.7777780860376463,0.5729716064623018,0.6728785757571996,1.3070397612199844,0.970954454807077,1.1488121845540358,1.3940353606035785,1.0,0.8746088861076345,0.9292474968710889,0.959715269086358
200,0.7777780860376463,0.5729716064623018,0.7063593625478795,1.3505164820392255,0.44197594505897764,1.0378531704603402,1.3331325715146445,1.0,0.8359277221526908,0.8868898623279099,0.9187656445556946
201,0.7777780860376463,0.5729716064623018,0.8093096867307277,1.1115199963370923,0.7498724540277653,1.1979921578089756,1.2555768243768506,1.0,0.9141113892365457,0.9495854192740926,0.970470901126408
202,0.7777780860376463,0.5729716064623018,0.6028596849122285,1.4323835619943597,0.354664751192288,1.2515621788848925,1.343970495149205,1.0,0.6698998748435545,0.7471839799749687,0.7991630162703379
203,0.7777780860376463,0.5729716064623018,0.6103709785513074,1.3545590649239128,0.6050398981959664,1.130921911566297,1.3455838343196005,1.0,0.7640018773466833,0.8393695244055068,0.8811795994993742
204,0.7777780860376463,0.5729716064623018,0.7704371994755207,1.200661326957646,0.5533564363720013,1.2732078490108618,1.0889427245085708,1.0,0.8554834167709637,0.8932650187734669,0.9252972465581978
205,0.7777780860376463,0.5729716064623018,0.7027356674407992,1.1509677114005297,0.9743187739043746,1.3575717006528336,1.2752974333873315,1.0,0.8566176470588236,0.9009308510638298,0.9376955569461827
206,0.7777780860376463,0.5729716064623018,0.7567161923686543,1.4459127315734885,0.7515021796887146,1.282189237778249,1.130696382592698,1.0,0.8299045682102628,0.8815316020025031,0.915714956195244
207,0.7777780860376463,0.5729716064623018,0.8053369181873947,1.2610331055643953,0.9490885425614779,1.0553564547756649,1.0629259648436435,1.0,0.9507587609511889,0.9797011889862328,0.9917083854818524
208,0.7777780860376463,0.5729716064623018,0.9553137586978478,1.461261834549883,0.6936012844780814,1.1068714982328975,1.273817224698178,1.0,0.9296777221526908,0.9595588235294118,0.9779411764705882
209,0.7777780860376463,0.5729716064623018,0.7233692058646427,1.1770687955702583,0.5036703165257745,1.2866609036669638,1.1854137800980025,1.0,0.8238814142678348,0.8752346683354193,0.905897997496871
210,0.7777780860376463,0.5729716064623018,0.8144630209872539,1.247806410214767,0.7868738159931647,1.0326019987973483,1.1354182949130915,1.0,0.9380475594493116,0.9694931163954944,0.9854114518147684
211,0.7777780860376463,0.5729716064623018,0.7121146586293111,1.4016187226373493,0.7237860713544066,1.1150349187616502,1.2671999524410837,1.0,0.8524718397997497,0.900305068836045,0.9367568836045056
212,0.7777780860376463,0.5729716064623018,0.6994521591981929,1.0898796679147584,0.45020490722488893,1.135256541156537,1.1374929675246432,1.0,0.8555616395494368,0.8946339173967459,0.928113266583229
213,0.7777780860376463,0.5729716064623018,0.9429312728811086,1.3208191373870954,0.5284475291683317,1.396996217353895,1.2641514531491571,1.0,0.8765253441802253,0.9136420525657072,0.9417631414267835
214,0.7777780860376463,0.5729716064623018,0.8116132973293487,1.2040732811853387,0.7649324792474437,1.3768035752553907,1.1654451398654235,1.0,0.8696026282853567,0.9082837922403004,0.9414893617021276
215,0.7777780860376463,0.5729716064623018,0.6178248706129703,1.4973324639561114,0.8933592775303325,1.3239894565516452,1.1898291354075072,1.0,0.7190628911138923,0.80819774718398,0.8584167709637046
216,0.7777780860376463,0.5729716064623018,0.9953855489273984,1.1172504234877123,0.3650104478747548,1.1825611439546766,1.376182660755087,1.0,0.9345275344180225,0.9586201501877347,0.97520337922403
217,0.7777780860376463,0.5729716064623018,0.8299502035063314,1.266624460737652,0.5596869667459796,1.3497184396170654,1.3053260790602885,1.0,0.8570087609511889,0.893499687108886,0.9249452440550688
218,0.7777780860376463,0.5729716064623018,0.920518094563448,1.024418590947648,0.42027977531816796,1.0140241366145701,1.1241556941394124,1.0,0.9516974342928661,0.9741864831038799,0.9847074468085106
219,0.7777780860376463,0.5729716064623018,0.9901043644979346,1.3389866387924667,0.4293475564916036,1.1245086884849556,1.0147368826258267,1.0,0.9227941176470589,0.9538485607008761,0.9716051314142679
220,0.7777780860376463,0.5729716064623018,0.8627221904438173,1.317708975619404,0.5879175031583784,1.174819821766764,1.386369875268345,1.0,0.8892365456821026,0.9333541927409261,0.9570948060075094
221,0.7777780860376463,0.5729716064623018,0.7286983055915943,1.3483355190684687,0.7550890970620975,1.1341576790175516,1.3201856977187054,1.0,0.8661608260325406,0.9100829161451814,0.9477080725907384
222,0.7777780860376463,0.5729716064623018,0.791178094591639,1.0215086906128676,0.8224771822076513,1.3398608537708374,1.1944389182427817,1.0,0.8983886107634543,0.9401595744680851,0.9623357321652065
223,0.7777780860376463,0.5729716064623018,0.7897689135518755,1.3328527456584482,0.41708461934581204,1.086077109221366,1.1222472340108187,1.0,0.8658870463078848,0.9017913016270338,0.9367959949937422
224,0.7777780860376463,0.5729716064623018,0.668008004372248,1.2320984309947223,0.5646720408635975,1.355194440841195,1.1733388444949582,1.0,0.7642365456821026,0.8305694618272841,0.8694852941176471
225,0.7777780860376463,0.5729716064623018,0.9229130493330241,1.3441220103297407,0.48235282569732385,1.0589764341737153,1.3515944901190067,1.0,0.9175531914893618,0.9522449937421777,0.9712922403003754
226,0.7777780860376463,0.5729716064623018,0.9403719020042907,1.0354938977379784,0.6704442767208005,1.3455700958942112,1.222535149940632,1.0,0.9332759699624531,0.9580334793491865,0.9750078222778473
227,0.7777780860376463,0.5729716064623018,0.7054952732920736,1.4111111667077318,0.886429464796886,1.0195168125132026,1.3047962060499765,1.0,0.9067584480600751,0.9497809762202754,0.9770416145181476
228,0.7777780860376463,0.5729716064623018,0.7928509668659678,1.0152087983481972,0.4942804007991848,1.0788427860606735,1.1807531433158116,1.0,0.9173185231539425,0.9517756570713392,0.9709793491864831
229,0.7777780860376463,0.5729716064623018,0.6551216574885711,1.0800603374327349,0.4398279539107307,1.2677257714698098,1.3746664279365295,1.0,0.7965816645807259,0.8550923028785983,0.8891583229036295
230,0.7777780860376463,0.5729716064623018,0.9079979846249981,1.217621074872918,0.697781566459093,1.368804235144686,1.1191297227495471,1.0,0.894712140175219,0.9366004380475594,0.958072590738423
231,0.7777780860376463,0.5729716064623018,0.8680322174706694,1.252244416550131,0.5333957350945546,1.1587399666779186,1.0870144122192058,1.0,0.8970197121401752,0.9383995619524406,0.9609277221526908
232,0.7777780860376463,0.5729716064623018,0.8860024397762073,1.3180744944610616,0.6353015967648004,1.3956717462516155,1.129846827095373,1.0,0.8687421777221527,0.9042944305381727,0.935857321652065
233,0.7777780860376463,0.5729716064623018,0.9994144243350457,1.2954643932639558,0.5235614894099381,1.0799062208219097,1.1780203198996637,1.0,0.9424280350438048,0.9666379849812266,0.9811091989987485
234,0.7777780860376463,0.5729716064623018,0.896168077044703,1.1832541605894513,0.8781901238134036,1.3788445319481848,1.030364357227854,1.0,0.9147371714643304,0.9484903003754693,0.9682415519399249
235,0.7777780860376463,0.5729716064623018,0.9861388801165569,1.4411524786473902,0.5298627891753889,1.0030072480192422,1.1839325882699498,1.0,0.9376955569461827,0.9658948685857321,0.981500312891114
236,0.7777780860376463,0.5729716064623018,0.8648253473833094,1.3222606367207517,0.39332487858471743,1.221814001996767,1.1395370505478075,1.0,0.8688595118898623,0.9024170838548186,0.9345666458072591
237,0.7777780860376463,0.5729716064623018,0.9949154545300574,1.0268202393739978,0.7355626971481286,1.1904583990809152,1.0745739465741915,1.0,0.9636264080100125,0.9813829787234043,0.98924436795995
238,0.7777780860376463,0.5729716064623018,0.8185561777116169,1.1760607160798802,0.48498883358587386,1.0697704821625682,1.11159405804152,1.0,0.9024561952440551,0.9419195869837297,0.96444774718398
239,0.7777780860376463,0.5729716064623018,0.7012626361163803,1.2728808174409807,0.3178262086587714,1.1324695710243815,1.3213656694288474,1.0,0.8072590738423029,0.864322590738423,0.896433041301627
240,0.7777780860376463,0.5729716064623018,0.906096122536177,1.289575543710096,0.7900279604759002,1.218566388533419,1.0323309168141508,1.0,0.9246323529411765,0.9561561326658323,0.9750078222778473
241,0.7777780860376463,0.5729716064623018,0.8621700257692266,1.0073448259652582,0.7473356191525399,1.207803971515013,1.161416164647707,1.0,0.9409809136420526,0.96659887359199,0.9812656445556946
242,0.7777780860376463,0.5729716064623018,0.9631687225612934,1.499419155331835,0.3504107797502828,1.3152041605674873,1.0691525749788595,1.0,0.864322590738423,0.8970979349186483,0.9274874843554443
243,0.7777780860376463,0.5729716064623018,0.9804243218683548,1.476940713096061,0.9341272770116966,1.35206317541313,1.2112565506925632,1.0,0.9161451814768461,0.9504458698372966,0.9705882352941176
244,0.7777780860376463,0.5729716064623018,0.6763379611251199,1.2658676659752819,0.8694820752813974,1.0605596015374148,1.2099838481628442,1.0,0.8906836670838548,0.9390644555694618,0.9693757822277848
245,0.7777780860376463,0.5729716064623018,0.6595133834337706,1.4385095723437564,0.33213354020817987,1.0524459100091934,1.1704238478245883,1.0,0.7744055068836045,0.841168648310388,0.8790284730913642
246,0.7777780860376463,0.5729716064623018,0.714319972163504,1.1851690276529052,0.8486720156520215,1.2425767123242144,1.2926306004192187,1.0,0.8665519399249062,0.9095744680851063,0.9479036295369212
247,0.7777780860376463,0.5729716064623018,0.823448768647773,1.370319711386717,0.711895411546048,1.1481478406870818,1.0716776133187798,1.0,0.8898623279098874,0.9360528785982478,0.9600281602002503
248,0.7777780860376463,0.5729716064623018,0.8894388454314184,1.1615937444440312,0.8552174954936773,1.0912808799154357,1.2207043737680114,1.0,0.9581508135168961,0.9813047559449312,0.990613266583229
249,0.7777780860376463,0.5729716064623018,0.7581974530571941,1.4801387001095039,0.6762189901942608,1.215872644255873,1.3379411149088725,1.0,0.8314690237797246,0.8829005006257822,0.9170447434292865
250,0.7777780860376463,0.5729716064623018,0.6675324092040793,1.4217575730343526,0.5768135849294734,1.1579171680750737,1.28993082737568,1.0,0.7869993742177722,0.8541145181476846,0.8905663329161452
251,0.7777780860376463,0.5729716064623018,0.6445944694329598,1.0461536825660989,0.614586154860638,1.3459562966359702,1.3016046760416162,1.0,0.7951736545682102,0.856500312891114,0.890840112640801
252,0.7777780860376463,0.5729716064623018,0.7840923970935875,1.219765392636981,0.8759030756214987,1.2749407671205981,1.3260460219983554,1.0,0.8851689612015019,0.9335497496871089,0.957642365456821
253,0.7777780860376463,0.5729716064623018,0.7229423681775708,1.2583755401998358,0.5513205281580937,1.3062019036297792,1.0329255209932995,1.0,0.8103488735919899,0.8667474968710889,0.8982712765957447
254,0.7777780860376463,0.5729716064623018,0.8745336468834225,1.4830744563442193,0.7042234058646264,1.342400870056393,1.2337016389557216,1.0,0.8608416770963705,0.8976846057571966,0.9312030663329162
255,0.7777780860376463,0.5729716064623018,0.7837123736348562,1.4584706990396286,0.8836993981037122,1.068499907226667,1.0546289357853074,1.0,0.9182571964956195,0.954982790988736,0.9779411764705882
256,0.7777780860376463,0.5729716064623018,0.6840535334526536,1.1396687753214498,0.6305229894008149,1.023043434951152,1.1336603398210607,1.0,0.8816489361702128,0.9300297246558198,0.9582290362953693
257,0.7777780860376463,0.5729716064623018,0.7748123623217487,1.0591414045916834,0.8817824954022511,1.3045534461514854,1.0475574960463316,1.0,0.9022997496871089,0.9416849186483104,0.9648779724655819
258,0.7777780860376463,0.5729716064623018,0.825106117160627,1.2594563053308627,0.5606751795091878,1.206313452681163,1.097028570429161,1.0,0.8770729036295369,0.9183745306633292,0.9473560700876095
259,0.7777780860376463,0.5729716064623018,0.9121278053610636,1.1604668574569588,0.612473687364585,1.3037201132184875,1.040926868435907,1.0,0.9100046933667084,0.9444227158948686,0.9648779724655819
260,0.7777780860376463,0.5729716064623018,0.891140718732431,1.1807172599744598,0.6275896386394406,1.0481504036740086,1.1158445102423598,1.0,0.9426627033792241,0.9696886733416771,0.9838861076345432
261,0.7777780860376463,0.5729716064623018,0.9261677086309748,1.4743513971829167,0.9833979641776975,1.0551883653812306,1.1123362402047452,1.0,0.9652299749687109,0.987523466833542,0.9944461827284106
262,0.7777780860376463,0.5729716064623018,0.9726637932290376,1.1192682452656584,0.889260572062619,1.2953295002446832,1.1111488537401888,1.0,0.9519712140175219,0.9744602628285357,0.9861936795994993
263,0.7777780860376463,0.5729716064623018,0.9968110001677448,1.3559459684279298,0.4776759231998349,1.1683892506197509,1.2015520953540009,1.0,0.9195087609511889,0.9515409887359199,0.9697277847309136
264,0.7777780860376463,0.5729716064623018,0.8614143934683022,1.3348842078772472,0.5160655683130295,1.217605952794055,1.3980171457340325,1.0,0.8741395494367961,0.9126642678347935,0.9434449311639549
265,0.7777780860376463,0.5729716064623018,0.7275606698365871,1.4101332407810734,0.4779564801978482,1.333170422482134,1.1040079350212189,1.0,0.7713548185231539,0.8334637046307884,0.8705804130162703
266,0.7777780860376463,0.5729716064623018,0.9297365379903363,1.3689372494228849,0.5636970264662136,1.268933182106972,1.1286764188873502,1.0,0.8878676470588235,0.929834167709637,0.9535356695869838
267,0.7777780860376463,0.5729716064623018,0.6923390167708869,1.3804751236204833,0.8792694886424048,1.1261883199772855,1.123893130064168,1.0,0.8677252816020025,0.9171229662077597,0.9535747809762203
268,0.7777780860376463,0.5729716064623018,0.8982737915321306,1.107989116171846,0.5317251375098642,1.3406903529027003,1.37007228789553,1.0,0.8973326032540676,0.9370306633291614,0.9577596996245307
269,0.7777780860376463,0.5729716064623018,0.6135244467485785,1.280759895910784,0.3055224749682466,1.2667665724777506,1.3422838570758788,1.0,0.6981774092615769,0.770142365456821,0.8202049436795995
270,0.7777780860376463,0.5729716064623018,0.932383421752265,1.4847825289901289,0.663773628796787,1.082417565283606,1.1035936879859276,1.0,0.9236154568210263,0.9555694618272841,0.9758682728410513
271,0.7777780860376463,0.5729716064623018,0.8229648518817423,1.4207695930542155,0.5959022783948102,1.399229523282195,1.2520295750337485,1.0,0.8227080725907384,0.873709324155194,0.9040206508135169
272,0.7777780860376463,0.5729716064623018,0.6867436419333797,1.1379830273547447,0.9088550711822623,1.2911781913262426,1.3557657232785092,1.0,0.857869211514393,0.9024561952440551,0.9392600125156445
273,0.7777780860376463,0.5729716064623018,0.730493114051525,1.2404468189894506,0.3572199563375541,1.3530313658073132,1.280749014183551,1.0,0.7875860450563203,0.8444540050062579,0.8780897997496871
274,0.7777780860376463,0.5729716064623018,0.7802283232282244,1.0172150850588517,0.6451677180094166,1.1912969607941037,1.0634188986799296,1.0,0.9076580100125157,0.9444618272841051,0.966168648310388
275,0.7777780860376463,0.5729716064623018,0.6532738805106579,1.1658187369060362,0.8081805749084567,1.0248262848618386,1.311144081866009,1.0,0.8924045682102628,0.9397684605757196,0.9699624530663329
276,0.7777780860376463,0.5729716064623018,0.7734290347840306,1.127293103843216,0.49876319963102467,1.1768082692367734,1.3887725867058789,1.0,0.8741395494367961,0.9141113892365457,0.9450093867334167
277,0.7777780860376463,0.5729716064623018,0.6556534132806525,1.0653892847098465,0.3436671154714328,1.2792686195095908,1.3875118704453575,1.0,0.7869602628285357,0.846683354192741,0.8806711514392991
278,0.7777780860376463,0.5729716064623018,0.8803931083591678,1.2574105642379168,0.3464282706760706,1.3241479990104592,1.0739448564366867,1.0,0.8645181476846058,0.8976063829787234,0.9278394868585732
279,0.7777780860376463,0.5729716064623018,0.8446169465398581,1.37919492224342,0.9206028864119957,1.279084975841071,1.2026327233624667,1.0,0.8943601376720901,0.9380475594493116,0.9626877346683355
280,0.7777780860376463,0.5729716064623018,0.9662224680077489,1.3356402254738473,0.8251581401984738,1.0079749214920428,1.396942731939347,1.0,0.9684371088861077,0.987523466833542,0.9937030663329162
281,0.7777780860376463,0.5729716064623018,0.7503620917341685,1.4317620453430866,0.7210907544658389,1.0598720692985126,1.0763944906268303,1.0,0.8787938047559449,0.9273310387984981,0.956781914893617
282,0.7777780860376463,0.5729716064623018,0.952056055514682,1.188465867727319,0.9149399288042257,1.0845421553705072,1.1593788275117105,1.0,0.9731304755944932,0.9888141426783479,0.9942897371714643
283,0.7777780860376463,0.5729716064623018,0.7936899163835662,1.0195864600009286,0.6325358873098037,1.076498924008485,1.3396184038094259,1.0,0.9309292866082604,0.9604974968710889,0.9784496245306633
284,0.7777780860376463,0.5729716064623018,0.9044159362632143,1.419291868643113,0.7086716834128394,1.064158618716938,1.3466209736518155,1.0,0.9304599499374218,0.961084167709637,0.9792709637046307
285,0.7777780860376463,0.5729716064623018,0.7414574840525188,1.333034209798686,0.30783270841862737,1.0285293267519535,1.3078391674299539,1.0,0.8422246558197747,0.8883760951188986,0.919078535669587
286,0.7777780860376463,0.5729716064623018,0.8812852680756242,1.2076323624437155,0.43597657720493255,1.2768807133296363,1.022552174892236,1.0,0.8810622653316645,0.9202518773466833,0.9466129536921152
287,0.7777780860376463,0.5729716064623018,0.6909783176321769,1.2277606892177941,0.8153039883458533,1.3128112142332369,1.1065115617117507,1.0,0.8258760951188986,0.8801235919899875,0.9155585106382979
288,0.7777780860376463,0.5729716064623018,0.9276890324145814,1.0336541747673205,0.6600182858612877,1.1031895335481765,1.09100114355235,1.0,0.9568992490613266,0.9782540675844806,0.9881883604505632
289,0.7777780860376463,0.5729716064623018,0.7019646590021964,1.4713696353562418,0.5243533055963014,1.1615277417373298,1.2988061039545233,1.0,0.7938829787234043,0.8572825406758449,0.8927956821026283
290,0.7777780860376463,0.5729716064623018,0.7258061597296599,1.2084503092699819,0.8962158302404104,1.248234628717016,1.2876024978186078,1.0,0.8723404255319149,0.9209558823529411,0.9522449937421777
291,0.7777780860376463,0.5729716064623018,0.6332887228028475,1.3515876611782596,0.9251877346500919,1.1859880400230804,1.1919968569239352,1.0,0.8254067584480601,0.887750312891114,0.9251799123904881
292,0.7777780860376463,0.5729716064623018,0.626708868889596,1.427548168819163,0.6589655905038034,1.3881952224032532,1.0436877468106822,1.0,0.6870306633291614,0.7634543178973717,0.8186404881101377
293,0.7777780860376463,0.5729716064623018,0.8900896641634249,1.312534315564458,0.7734074712131315,1.3375302214551799,1.282137679762272,1.0,0.8889236545682102,0.9333541927409261,0.9560387984981227
294,0.7777780860376463,0.5729716064623018,0.8790674688616085,1.304074478697208,0.95344037630347,1.1507115611848973,1.2627961645538472,1.0,0.9433275969962454,0.9737953692115144,0.987249687108886
295,0.7777780860376463,0.5729716064623018,0.7418369716014193,1.1785786845832813,0.4878226695299067,1.0956236445589855,1.0285375167608173,1.0,0.8712844180225281,0.9095353566958698,0.9436013767209012
296,0.7777780860376463,0.5729716064623018,0.6743732806276027,1.155404804213229,0.4471939076902618,1.0123818376646179,1.3948716500094926,1.0,0.8566176470588236,0.8984277221526908,0.9351142052565707
297,0.7777780860376463,0.5729716064623018,0.8730260065054938,1.0115765142980653,0.5074609688172464,1.1395989614369424,1.2017962155100115,1.0,0.9326110763454318,0.9591677096370463,0.9768851689612015
298,0.7777780860376463,0.5729716064623018,0.9532827394428047,1.3458398195275652,0.7787176210480076,1.075417295400258,1.16752544431424,1.0,0.9518538798498123,0.9771198372966208,0.9881101376720901
299,0.7777780860376463,0.5729716064623018,0.7468252132494438,1.3873246872628733,0.9500254711283889,1.2378934604932936,1.0860214135209867,1.0,0.871127972465582,0.9195087609511889,0.952988110137672
300,0.7777780860376463,0.5729716064623018,0.8676653603523075,1.447027951535943,0.5070569880318995,1.0429995706092736,1.2058930736117912,1.0,0.8931085732165207,0.9365613266583229,0.9607712765957447
301,0.7777780860376463,0.5729716064623018,0.6165412604094541,1.4952287982779104,0.7347780460384352,1.3076495127343746,1.0837791061141153,1.0,0.6995854192740927,0.781171777221527,0.8375312891113893
302,0.7777780860376463,0.5729716064623018,0.6930755253963917,1.2109043379659437,0.9626364494939996,1.0190957314164057,1.3623384275229997,1.0,0.9365613266583229,0.9741082603254068,0.9885403629536921
303,0.7777780860376463,0.5729716064623018,0.9754975211000856,1.4299116943092556,0.5134591289476874,1.2982768922787131,1.1647948732811937,1.0,0.8859903003754693,0.9269399249061326,0.9507978723404256
304,0.7777780860376463,0.5729716064623018,0.6991821671639551,1.1031509541524205,0.5727001202825934,1.310997217162002,1.3237861094006365,1.0,0.8246636420525657,0.876290675844806,0.9079317897371715
305,0.7777780860376463,0.5729716064623018,0.7868136980260184,1.0491510095515904,0.45448178864730904,1.1888068862893992,1.3661918904908852,1.0,0.8835262828535669,0.9256492490613266,0.9513845431789737
306,0.7777780860376463,0.5729716064623018,0.9591298248504945,1.031902634580388,0.8210863109622628,1.1568279543220126,1.3851187710597823,1.0,0.9663642052565707,0.9831821026282853,0.9913563829787234
307,0.7777780860376463,0.5729716064623018,0.9456254891898652,1.09444006393406,0.39955492677207494,1.1868645098645212,1.2475572936381574,1.0,0.9272919274092616,0.9558432415519399,0.9724655819774718
308,0.7777780860376463,0.5729716064623018,0.8448243983657028,1.0403043743653033,0.44486475445936025,1.1346641894952312,1.3695385947299203,1.0,0.9156758448060075,0.9495071964956195,0.9687891113892365
309,0.7777780860376463,0.5729716064623018,0.6460015172028964,1.1584573681252563,0.5401706004125713,1.302893086769143,1.1196821283611478,1.0,0.7751095118898623,0.8396433041301627,0.8769164580725908
310,0.7777780860376463,0.5729716064623018,0.9495537309237355,1.1204350770266687,0.9223976020348494,1.3168037188109758,1.132659534790542,1.0,0.9474342928660826,0.9705882352941176,0.9843163329161452
311,0.7777780860376463,0.5729716064623018,0.8771354122337045,1.254467965855112,0.4891181982111522,1.2162169066094473,1.1809347204995102,1.0,0.8866551939924906,0.9278785982478097,0.9525578848560701
312,0.7777780860376463,0.5729716064623018,0.8485182769177421,1.3378878458601366,0.5917991564082105,1.382171590551397,1.1541978239934017,1.0,0.8529802878598247,0.8906836670838548,0.9213861076345432
313,0.7777780860376463,0.5729716064623018,0.6054176191447638,1.0810780356141212,0.5979002498289543,1.0864879818469293,1.217621949386877,1.0,0.8298654568210263,0.8850907384230288,0.9199780976220275
314,0.7777780860376463,0.5729716064623018,0.7436960387224076,1.3426353462176408,0.3623083346067864,1.208930475874842,1.0997644600851602,1.0,0.8098795369211514,0.8646354818523154,0.8960028160200251
315,0.7777780860376463,0.5729716064623018,0.960854893991433,1.2238276873425042,0.5090973865972995,1.2318681408849481,1.1721688214031725,1.0,0.9182963078848561,0.9498591989987484,0.9685153316645807
316,0.7777780860376463,0.5729716064623018,0.9150494502457472,1.0938135938260047,0.605568099456445,1.2300189660999996,1.0903687559512663,1.0,0.9299123904881101,0.9570948060075094,0.9748904881101377
317,0.7777780860376463,0.5729716064623018,0.6505010181361736,1.2816500927739138,0.3816944925518776,1.2310855207774591,1.0021492140942145,1.0,0.7488657697121401,0.8210653942428034,0.8612719023779725
318,0.7777780860376463,0.5729716064623018,0.6375890409406499,1.3064520034963687,0.5198477743150218,1.3362156683253414,1.108827250071032,1.0,0.7194148936170213,0.7918100750938674,0.8411295369211514
319,0.7777780860376463,0.5729716064623018,0.6063060809546087,1.4772636196052602,0.3271293232746189,1.3738574763333702,1.2002712515524618,1.0,0.6332525031289111,0.7093241551939925,0.7635716520650814
320,0.7777780860376463,0.5729716064623018,0.6663199724300541,1.074859894903845,0.4531192895096886,1.0575127129574182,1.1622179986129635,1.0,0.8573216520650814,0.8974499374217773,0.9336670838548186
321,0.7777780860376463,0.5729716064623018,0.8656454651137283,1.1700677393961292,0.43509148604511366,1.0432019369717578,1.2940212088926968,1.0,0.9195869837296621,0.9530272215269087,0.9719571339173968
322,0.7777780860376463,0.5729716064623018,0.7697746154229539,1.1414429134829558,0.3347456910554385,1.298837108072631,1.2884792743654288,1.0,0.837374843554443,0.8808667083854819,0.9108260325406758
323,0.7777780860376463,0.5729716064623018,0.9672346751615339,1.2748423750077291,0.7899865560572581,1.3185875712047448,1.02614635217966,1.0,0.9258448060075094,0.9557650187734669,0.9734433667083855
324,0.7777780860376463,0.5729716064623018,0.8603927799639663,1.4003889285965845,0.37004351778316086,1.1272665755738136,1.1468820229828511,1.0,0.8707759699624531,0.9047637672090113,0.9381648936170213
325,0.7777780860376463,0.5729716064623018,0.8695311046439629,1.3744311844806727,0.8065742356847669,1.0355666998211799,1.373558432782574,1.0,0.9401204630788486,0.972191802252816,0.9865847934918648
326,0.7777780860376463,0.5729716064623018,0.7857709968661075,1.2821052443497036,0.426491953971236,1.341489272344787,1.3306996380045604,1.0,0.8204396120150188,0.8714799749687109,0.9010872966207759
327,0.7777780860376463,0.5729716064623018,0.6472776928466226,1.1467715213071912,0.7794814694658558,1.175257626656526,1.1526995890602432,1.0,0.8460966833541927,0.8964721526908636,0.9321808510638298
328,0.7777780860376463,0.5729716064623018,0.7445008203177648,1.14705305170015,0.4254512719947659,1.2808249455241425,1.087698911700431,1.0,0.8356930538172715,0.8812969336670838,0.9114127033792241
329,0.7777780860376463,0.5729716064623018,0.9904573065171024,1.2842083201485721,0.5149092858579891,1.2541103265036884,1.0319018693730828,1.0,0.9166927409261577,0.9488031914893617,0.9676157697121401
330,0.7777780860376463,0.5729716064623018,0.8373467811522934,1.3271300195531688,0.9886220867015387,1.3258075844190833,1.0526871595680662,1.0,0.8974108260325406,0.9397293491864831,0.9640566332916145
331,0.7777780860376463,0.5729716064623018,0.8348122738054482,1.4563378976097487,0.6900439577680252,1.012931831165235,1.2494641674370275,1.0,0.9161842928660826,0.9518147684605758,0.975125156445557
332,0.7777780860376463,0.5729716064623018,0.6488357663683618,1.4442793018989752,0.9905178524000164,1.1734633288627183,1.3713487502762738,1.0,0.838665519399249,0.8976063829787234,0.9389862327909887
333,0.7777780860376463,0.5729716064623018,0.7516210820111937,1.398416799129716,0.7432653871571309,1.1537818040993475,1.0247698388593105,1.0,0.8657697121401753,0.9079317897371715,0.9450093867334167
334,0.7777780860376463,0.5729716064623018,0.9811799203067341,1.4512445829287348,0.918433158352358,1.0311536472347302,1.357514048749441,1.0,0.9711357947434293,0.9890096996245307,0.994837296620776
335,0.7777780860376463,0.5729716064623018,0.78778921233287,1.3623232729776942,0.329368635852163,1.3728157009774895,1.012339092048302,1.0,0.7956038798498123,0.8489518147684606,0.8808667083854819
336,0.7777780860376463,0.5729716064623018,0.776523690912726,1.1123346361668756,0.8807347916556445,1.1701375931663416,1.3914893822166703,1.0,0.9244367959949937,0.9581508135168961,0.9775500625782227
337,0.7777780860376463,0.5729716064623018,0.9068877669477133,1.3289080270214673,0.8436606294971432,1.0146303502702414,1.318522893030926,1.0,0.959793491864831,0.9841989987484355,0.9924123904881101
338,0.7777780860376463,0.5729716064623018,0.7727266220791342,1.0504773377817995,0.8738110746591281,1.2344560342228763,1.3890868247197456,1.0,0.9164971839799749,0.9513063204005007,0.9728175844806007
339,0.7777780860376463,0.5729716064623018,0.6579417956868173,1.1952624569914674,0.36760773429411286,1.0221527241216066,1.0355199792820198,1.0,0.8302565707133918,0.8822747183979975,0.9131727158948686
340,0.7777780860376463,0.5729716064623018,0.813766727995337,1.2607160422906447,0.9281773857104847,1.0674820554980635,1.0447380393497319,1.0,0.9461827284105131,0.9776673967459324,0.9897919274092616
341,0.7777780860376463,0.5729716064623018,0.7201231140882143,1.3631624110263894,0.5888694869500231,1.0852874823804355,1.3989923988510051,1.0,0.8499687108886107,0.8953379224030038,0.9312421777221527
342,0.7777780860376463,0.5729716064623018,0.7223856914323096,1.4347136321789924,0.5050020487372529,1.0400290975434123,1.0946962635062012,1.0,0.8426548811013768,0.8913876720901126,0.9247105757196495
343,0.7777780860376463,0.5729716064623018,0.768154484921463,1.2879363691639265,0.5543709767150686,1.35884542241585,1.2040223083747421,1.0,0.8195791614518148,0.8719493116395495,0.9021041927409261
344,0.7777780860376463,0.5729716064623018,0.7510954872003199,1.3929106313365254,0.6364404743106018,1.3935477549808637,1.3024591544599835,1.0,0.7920838548185232,0.8517678347934918,0.8861858573216521
345,0.7777780860376463,0.5729716064623018,0.8518430808776006,1.0641289519070702,0.7812267059141369,1.0991671622204597,1.1423708996949864,1.0,0.9513454317897372,0.976415832290363,0.9876799123904881
346,0.7777780860376463,0.5729716064623018,0.9650619872338049,1.3028412165020133,0.5805695626107394,1.1886891220429148,1.2139114352523315,1.0,0.9221292240300376,0.9544743429286608,0.972191802252816
347,0.7777780860376463,0.5729716064623018,0.6899916365671965,1.2431849715009955,0.9091582845200774,1.359946472803356,1.3182637799714902,1.0,0.8206742803504381,0.8780506883604505,0.9142678347934918
348,0.7777780860376463,0.5729716064623018,0.9966313013864612,1.4060094001940566,0.3666611725889114,1.202842373138291,1.3487949841656817,1.0,0.8963939299123905,0.9352706508135169,0.9572512515644556
349,0.7777780860376463,0.5729716064623018,0.8100082196821319,1.2798035084884063,0.6425715139456485,1.2325434211095088,1.285325612756483,1.0,0.8724968710888611,0.9123513767209012,0.9450484981226533
350,0.7777780860376463,0.5729716064623018,0.8243195059043354,1.4603720220574736,0.8994250179460499,1.2527940006619478,1.0647348889834007,1.0,0.8813360450563203,0.9312421777221527,0.9562343554443054
351,0.7777780860376463,0.5729716064623018,0.7661477475897092,1.0349372262407923,0.7028141135717111,1.1947294002433677,1.2568260463731074,1.0,0.9025344180225282,0.9423107008760951,0.9656210888610763
352,0.7777780860376463,0.5729716064623018,0.6278250058992951,1.394353850912684,0.9291966714494138,1.3087393198882404,1.379482077392024,1.0,0.7623591989987484,0.8413250938673342,0.8855209637046308
353,0.7777780860376463,0.5729716064623018,0.9565492381890184,1.4886795620899702,0.7183562556269103,1.3384857236852195,1.125457387955451,1.0,0.8859511889862328,0.9292866082603254,0.9534574468085106
354,0.7777780860376463,0.5729716064623018,0.6012731398816688,1.0684653846592553,0.7300070939443898,1.1473773617328757,1.2174413657265641,1.0,0.831273466833542,0.8863031914893618,0.9233025657071339
355,0.7777780860376463,0.5729716064623018,0.9686311900905269,1.061349142053953,0.7406792991961004,1.2611713682042884,1.0423928806240668,1.0,0.9511107634543179,0.9722309136420526,0.9841207759699625
356,0.7777780860376463,0.5729716064623018,0.9766526989287749,1.201522609236845,0.9647149084659361,1.1985051746973245,1.0730288479862335,1.0,0.9637828535669587,0.9836123279098874,0.9913954943679599
357,0.7777780860376463,0.5729716064623018,0.8008563766182627,1.0259374510134982,0.31057639875254656,1.0387637681978277,1.3959943284438072,1.0,0.9047637672090113,0.9430538172715894,0.9642130788485607
358,0.7777780860376463,0.5729716064623018,0.6943402369175865,1.4823556056102327,0.8365030886944165,1.0541472788970458,1.314337074168757,1.0,0.8694461827284106,0.9233025657071339,0.9568992490613266
359,0.7777780860376463,0.5729716064623018,0.7951590481136538,1.2734663079001212,0.3127541585015525,1.3779924402468708,1.134824332459393,1.0,0.8111702127659575,0.8609981226533167,0.892130788485607
360,0.7777780860376463,0.5729716064623018,0.6144094367837974,1.0181271468561126,0.8394548698393252,1.2370234401788331,1.1450296425225313,1.0,0.8397606382978724,0.8913876720901126,0.9281914893617021
361,0.7777780860376463,0.5729716064623018,0.8215778799389074,1.4507372878246692,0.3695054887417131,1.3850404904261666,1.1869579568631183,1.0,0.8001408010012516,0.8530976220275344,0.8847387359198999
362,0.7777780860376463,0.5729716064623018,0.6320081872484182,1.0558151338759627,0.38045969735870255,1.398240845560228,1.1502130596782574,1.0,0.7388532540675845,0.8105835419274092,0.8519242803504381
363,0.7777780860376463,0.5729716064623018,0.7483870338970846,1.0455315656100288,0.9384487097383147,1.3841842475681907,1.3544450936020533,1.0,0.87930225281602,0.928035043804756,0.9534965581977471
364,0.7777780860376463,0.5729716064623018,0.9476370020188958,1.2465953775236591,0.6747423797248915,1.2861186389518677,1.1136913791868177,1.0,0.9175923028785983,0.9506023153942428,0.9692193366708386
365,0.7777780860376463,0.5729716064623018,0.8741322153444128,1.0388167476930812,0.8606334335283659,1.3617341734170503,1.0116871244493881,1.0,0.9280741551939925,0.9565472465581978,0.9745775969962454
366,0.7777780860376463,0.5729716064623018,0.803869941487855,1.454449786888822,0.31939763978344454,1.2901314828044579,1.2531244669944297,1.0,0.8032697121401753,0.8570869837296621,0.8888454317897372
367,0.7777780860376463,0.5729716064623018,0.7599375095627242,1.1863329295812781,0.33860010868830637,1.071323763089647,1.2610061659068525,1.0,0.8677252816020025,0.9027690863579474,0.9370306633291614
368,0.7777780860376463,0.5729716064623018,0.9448446624688532,1.4074053230774717,0.672297882091327,1.3268860124613897,1.1165874297385152,1.0,0.888767209011264,0.9316332916145181,0.9545134543178974
369,0.7777780860376463,0.5729716064623018,0.6418945554706393,1.465440777287792,0.6157554475533822,1.0070260531460515,1.1982468764817793,1.0,0.819813829787234,0.8811795994993742,0.9174749687108886
370,0.7777780860376463,0.5729716064623018,0.6484677826029528,1.153111900919383,0.6517429025495035,1.3758689438605358,1.3563996519448567,1.0,0.7693992490613266,0.8363970588235294,0.8748435544430538
371,0.7777780860376463,0.5729716064623018,0.9796969023286055,1.3082014952458194,0.8672492472039124,1.2402545243865104,1.3791800430980594,1.0,0.9427800375469336,0.9685935544430538,0.9831821026282853
372,0.7777780860376463,0.5729716064623018,0.7536380593171504,1.020327406716342,0.966709170582295,1.1197213893454325,1.1740604179386487,1.0,0.9468085106382979,0.9774718397997497,0.9891661451814768
373,0.7777780860376463,0.5729716064623018,0.8165411895192063,1.0489930587065222,0.45637460534568797,1.0452014352144803,1.1767345592690497,1.0,0.9222074468085106,0.9543570087609512,0.973834480600751
374,0.7777780860376463,0.5729716064623018,0.6646758853970323,1.3414054691809705,0.6075248097076884,1.3813288804221615,1.2813055965443825,1.0,0.7311874217772215,0.806124843554443,0.851415832290363
375,0.7777780860376463,0.5729716064623018,0.8391796943745259,1.4183289679542512,0.9938462260129823,1.2943503321555454,1.1482825430426964,1.0,0.8949859198998749,0.9386342302878599,0.9638610763454318
376,0.7777780860376463,0.5729716064623018,0.9480979393815919,1.4283106939944625,0.8136916204083231,1.203414593453552,1.1545087800986167,1.0,0.9272137046307884,0.9577988110137672,0.9764549436795995
377,0.7777780860376463,0.5729716064623018,0.8002824140839567,1.360657011682634,0.8104721866529117,1.2086761429080435,1.101559638992618,1.0,0.8816098247809763,0.9306946182728411,0.955999687108886
378,0.7777780860376463,0.5729716064623018,0.9870712739606978,1.0623503020048832,0.449546206655863,1.3002050075301934,1.229689612761981,1.0,0.9320244055068836,0.9570556946182729,0.97305225281602
379,0.7777780860376463,0.5729716064623018,0.984887981219094,1.364357573926252,0.7065277346114364,1.0969582676552025,1.2436283824880072,1.0,0.9462218397997497,0.9713704630788486,0.9849812265331664
380,0.7777780860376463,0.5729716064623018,0.899711764469779,1.09571869076245,0.7690966083751727,1.2875749884650354,1.3098815461278701,1.0,0.9304208385481852,0.9578770337922403,0.9758682728410513
381,0.7777780860376463,0.5729716064623018,0.6527552858601353,1.0914551539750763,0.737021221532052,1.1299162256613309,1.138640260226265,1.0,0.8649483729662077,0.9090269086357947,0.9470040675844806
382,0.7777780860376463,0.5729716064623018,0.8666466116672831,1.2554239550568793,0.842575630338648,1.3670287848021898,1.0976908587624872,1.0,0.8902143304130162,0.9349968710888611,0.957212140175219
383,0.7777780860376463,0.5729716064623018,0.7041639250970018,1.063078947853317,0.9568211532787962,1.0235709755932503,1.0037611218389995,1.0,0.9521276595744681,0.9813829787234043,0.9930772841051314
384,0.7777780860376463,0.5729716064623018,0.9703227274930534,1.0854527332402912,0.8301642184330738,1.2333677649283104,1.0500211928335423,1.0,0.9569774718397998,0.9779020650813517,0.9877581351689612
385,0.7777780860376463,0.5729716064623018,0.9977107515203631,1.3883349289671143,0.9894237794790532,1.2478911697185124,1.2505173604575506,1.0,0.9494289737171464,0.9749295994993742,0.9867803504380476
386,0.7777780860376463,0.5729716064623018,0.7794122416690448,1.3900360575677408,0.9324973809837265,1.0511417632983397,1.0043741118849279,1.0,0.9345275344180225,0.9697277847309136,0.9859981226533167
387,0.7777780860376463,0.5729716064623018,0.9830376202666945,1.1158423896138678,0.7142241926316202,1.0342997682145896,1.1519535740873048,1.0,0.9705491239048811,0.9864283479349186,0.9928035043804756
388,0.7777780860376463,0.5729716064623018,0.6082057129000017,1.1932795775787903,0.5021956546920848,1.122732710749553,1.0451185669399912,1.0,0.7855913642052565,0.8521589486858573,0.8889236545682102
389,0.7777780860376463,0.5729716064623018,0.9412546806980269,1.014617244082586,0.36392203239677035,1.1315806972814109,1.0203453865271805,1.0,0.9417240300375469,0.9634308510638298,0.978566958698373
390,0.7777780860376463,0.5729716064623018,0.9048057332743761,1.0043025657942344,0.9398777326458454,1.2398031957747622,1.3131516198675441,1.0,0.9592459324155194,0.9803660826032541,0.9893617021276596
391,0.7777780860376463,0.5729716064623018,0.7985498523305503,1.3736406082602062,0.41282047388887066,1.0620935980864756,1.3324381719779643,1.0,0.8672950563204005,0.9034730913642053,0.9384777847309136
392,0.7777780860376463,0.5729716064623018,0.989016262486436,1.3158491379065542,0.9725447955479753,1.3195341873532807,1.0489597235004933,1.0,0.9427409261576971,0.9682415519399249,0.9829865456821026
393,0.7777780860376463,0.5729716064623018,0.9693794873380988,1.248359390321431,0.4513810115977386,1.294950523025783,1.2268110974827404,1.0,0.9022215269086358,0.9391817897371715,0.9595979349186483
394,0.7777780860376463,0.5729716064623018,0.700715559534757,1.1354551190146764,0.7977424849485488,1.020337454979222,1.3198819032925535,1.0,0.9208776595744681,0.9566645807259074,0.9787625156445557
395,0.7777780860376463,0.5729716064623018,0.9198134896355668,1.3471691857915635,0.9604998536232405,1.2001181895084239,1.2461895426159637,1.0,0.9413329161451814,0.9709402377972466,0.9851376720901126
396,0.7777780860376463,0.5729716064623018,0.7666899759822398,1.3619360219315504,0.48417984259693025,1.3303144467041188,1.3319536361163786,1.0,0.8048732790988736,0.8598247809762203,0.892561013767209
397,0.7777780860376463,0.5729716064623018,0.8269766132975938,1.3698291502989104,0.6549313144292095,1.3683236957949023,1.294979639422801,1.0,0.8471526908635795,0.8874374217772215,0.9193132040050063
398,0.7777780860376463,0.5729716064623018,0.8974730274087215,1.286383941241822,0.7264888165839563,1.0629333920149846,1.2795942588397433,1.0,0.9406289111389237,0.9696886733416771,0.9843945556946183
399,0.7777780860376463,0.5729716064623018,0.6632857420736152,1.415459427923999,0.4188880072011183,1.051355005595564,1.335310925859381,1.0,0.7941567584480601,0.8581038798498123,0.8938908010012516
400,0.7777780860376463,0.5729716064623018,0.7113531673520631,1.0284778438512712,0.8388661879536468,1.258115105081632,1.2276038648567893,1.0,0.8816880475594493,0.9315941802252816,0.955921464330413
401,0.7777780860376463,0.5729716064623018,0.8393585547948861,1.4598679326936077,0.35900609821093094,1.2173112690172418,1.2378449412353139,1.0,0.8383917396745932,0.8821573842302879,0.9122340425531915
402,0.7777780860376463,0.5729716064623018,0.7426226273326022,1.2459617049871654,0.3323534507464754,1.2101226932296507,1.27014709262737,1.0,0.8208307259073843,0.8732008760951189,0.9023388610763454
403,0.7777780860376463,0.5729716064623018,0.8511092845389114,1.1518571741214296,0.5867462584547333,1.1844771077556806,1.0942430909871679,1.0,0.9084402377972466,0.9445009386733417,0.9656993116395495
404,0.7777780860376463,0.5729716064623018,0.6612590231120947,1.2506098415620719,0.48022767046922565,1.2636682759239997,1.1403693616672503,1.0,0.7712374843554444,0.8355366082603254,0.8740222152690864
405,0.7777780860376463,0.5729716064623018,0.6605864764359963,1.4673797595980496,0.6908903967560458,1.0466840178451289,1.1890322609765538,1.0,0.8321730287859825,0.8898623279098874,0.9256883604505632
406,0.7777780860376463,0.5729716064623018,0.715504516970295,1.1383555719301304,0.5112045727159121,1.03733643707894,1.1626626895937777,1.0,0.8775031289111389,0.9226376720901126,0.9519712140175219
407,0.7777780860376463,0.5729716064623018,0.6194344569853184,1.1108687125962635,0.9450830007099984,1.0893743929097053,1.034502824467219,1.0,0.890840112640801,0.9396120150187734,0.9710575719649562
408,0.7777780860376463,0.5729716064623018,0.7526796284174655,1.3650383038955565,0.8725272360768723,1.025920312296616,1.396150158735018,1.0,0.9245541301627034,0.961436170212766,0.9818132040050063
409,0.7777780860376463,0.5729716064623018,0.9369399449950633,1.1233374037008739,0.5343892585682124,1.3381998874112135,1.2844131050025989,1.0,0.9104740300375469,0.9442271589486858,0.9642130788485607
410,0.7777780860376463,0.5729716064623018,0.7759356622778972,1.0833701837993948,0.8946554187752596,1.1822919350692385,1.2246430262033354,1.0,0.928035043804756,0.9601063829787234,0.978566958698373
411,0.7777780860376463,0.5729716064623018,0.8872194341559994,1.3232227499303462,0.5122559280110688,1.0421406070605899,1.2034632540831103,1.0,0.9166536295369212,0.9514627659574468,0.9714095744680851
412,0.7777780860376463,0.5729716064623018,0.7623724183541994,1.2396368957592983,0.9663885522971163,1.2435067471748078,1.053505996190648,1.0,0.89549436795995,0.9394164580725908,0.9656993116395495
413,0.7777780860376463,0.5729716064623018,0.9099114839221474,1.4422374460217575,0.6560716009145362,1.098363121014094,1.1229475150130959,1.0,0.9167709637046308,0.9517365456821026,0.9724264705882353
414,0.7777780860376463,0.5729716064623018,0.6779952762320919,1.15751294060441,0.3084334739903324,1.3611471066238958,1.0239464854297116,1.0,0.759034730913642,0.824037859824781,0.8610763454317898
415,0.7777780860376463,0.5729716064623018,0.6651554059293191,1.275967177784997,0.5181884850961954,1.3125849021805693,1.2281102873265284,1.0,0.7565316020025031,0.8264236545682102,0.865965269086358
416,0.7777780860376463,0.5729716064623018,0.9270085624452475,1.2130061943856718,0.9515311363969758,1.0909076048289619,1.2972570835129922,1.0,0.9707837922403004,0.9883448060075094,0.993976846057572
417,0.7777780860376463,0.5729716064623018,0.6336198503956586,1.3315372177793758,0.5901943887090748,1.121280275930512,1.179546773731539,1.0,0.7920838548185232,0.8589252190237797,0.8952596996245307
418,0.7777780860376463,0.5729716064623018,0.9635394919139124,1.2141483720186204,0.4695583192193358,1.1654434284253727,1.317309936670505,1.0,0.9254536921151439,0.9553739048811014,0.9726611389236546
419,0.7777780860376463,0.5729716064623018,0.819547086490246,1.0872934359080442,0.44086453376926416,1.1676905898882524,1.0912327290846218,1.0,0.8929912390488111,0.9347622027534418,0.9575641426783479
420,0.7777780860376463,0.5729716064623018,0.6541490635794504,1.2299857159587,0.7572824127574787,1.0273324959144905,1.300550415477459,1.0,0.8745306633291614,0.9269790362953692,0.958072590738423
421,0.7777780860376463,0.5729716064623018,0.6949157605481374,1.0904566671399865,0.4135494993902955,1.3964368513565915,1.0801093578000365,1.0,0.7922011889862328,0.8484433667083855,0.8809840425531915
422,0.7777780860376463,0.5729716064623018,0.669925264684646,1.099924655763951,0.9966596427948999,1.2596723575116457,1.3668747648582797,1.0,0.8722622027534418,0.9248670212765957,0.9547872340425532
423,0.7777780860376463,0.5729716064623018,0.6112409905633251,1.1497554124582956,0.6781611555220808,1.136319192123852,1.2914013507766584,1.0,0.8175453692115144,0.8775031289111389,0.9131727158948686
424,0.7777780860376463,0.5729716064623018,0.8778067737722546,1.0704157105259682,0.4675134249151656,1.2928772066334888,1.241323567922921,1.0,0.8986623904881101,0.9377346683354193,0.9583854818523154
425,0.7777780860376463,0.5729716064623018,0.7823313250596529,1.4661735705174854,0.6018034148914932,1.3149281043433942,1.0469413407229333,1.0,0.8150422403003754,0.8703066332916145,0.9007744055068836
426,0.7777780860376463,0.5729716064623018,0.7651228233482121,1.329615705503298,0.40645879018095504,1.2913764967475145,1.2576738665757827,1.0,0.8101142052565707,0.8632274718397998,0.8952596996245307
427,0.7777780860376463,0.5729716064623018,0.8042160766405412,1.2836941756941644,0.49915032525232506,1.1437181309865785,1.0279871356422527,1.0,0.8735528785982478,0.9112171464330413,0.9436013767209012
428,0.7777780860376463,0.5729716064623018,0.8725981796109628,1.2999859179740747,0.9048749997968215,1.0298886573996153,1.311714200709241,1.0,0.9602237171464331,0.985020337922403,0.9930381727158949
429,0.7777780860376463,0.5729716064623018,0.8989645788994659,1.3536988905292402,0.9818746207396463,1.3870397130691026,1.24718138332494,1.0,0.9022215269086358,0.9418804755944932,0.9641348560700876
430,0.7777780860376463,0.5729716064623018,0.831945797442926,1.4405564124154815,0.35878436237433087,1.3312471523841003,1.3533680708557947,1.0,0.8147293491864831,0.8654177096370463,0.8956117021276596
431,0.7777780860376463,0.5729716064623018,0.8851339296955825,1.3464393412472528,0.581909999707382,1.1602040024860645,1.0673180292855649,1.0,0.8960419274092616,0.938360450563204,0.961005944931164
432,0.7777780860376463,0.5729716064623018,0.9216388482700942,1.4571621903941585,0.6652421014318477,1.2921081377482104,1.1383666516770394,1.0,0.8806320400500626,0.922950563204005,0.950328535669587
433,0.7777780860376463,0.5729716064623018,0.9307775897825368,1.2672904116805401,0.5745191532310667,1.1814369053271117,1.0156529143516868,1.0,0.9184136420525657,0.9515018773466833,0.970118898623279
434,0.7777780860376463,0.5729716064623018,0.778000307155351,1.2512248053363917,0.3143930291376467,1.2891689203902212,1.1203500126788826,1.0,0.8226689612015019,0.872418648310388,0.901165519399249
435,0.7777780860376463,0.5729716064623018,0.6136069017758883,1.1628738130229386,0.7007753018034122,1.342119182320242,1.1434056933491907,1.0,0.7508995619524406,0.8247809762202754,0.8684292866082604
436,0.7777780860376463,0.5729716064623018,0.8170963517140627,1.1942009491382848,0.7852500908446276,1.1956481631257416,1.1412157637635798,1.0,0.9110998122653317,0.9475907384230288,0.9695322277847309
437,0.7777780860376463,0.5729716064623018,0.7964616990800697,1.0476386468080294,0.6510429803750515,1.1002545447011185,1.020866282659638,1.0,0.9277221526908636,0.9578770337922403,0.976846057571965
438,0.7777780860376463,0.5729716064623018,0.6572980588810707,1.228511287462854,0.3866059995765464,1.1092282417946708,1.1924067260393856,1.0,0.8021745932415519,0.8615847934918648,0.8959637046307884
439,0.7777780860376463,0.5729716064623018,0.6834498107719504,1.1134566294738197,0.5505415843534355,1.15202632532546,1.290853300864199,1.0,0.8496558197747184,0.8926783479349186,0.9265879224030038
440,0.7777780860376463,0.5729716064623018,0.6439361142345963,1.148579726306224,0.8409647952589505,1.2739998518495987,1.0788716756723125,1.0,0.8240769712140175,0.8804755944931164,0.9173967459324155
441,0.7777780860376463,0.5729716064623018,0.7134330555798736,1.1875024858558079,0.6167677441128541,1.0929256678146635,1.3286385892866357,1.0,0.871127972465582,0.9146980600750939,0.9480991864831039
442,0.7777780860376463,0.5729716064623018,0.9177491553273764,1.2200841314456488,0.6816170840902336,1.2466602756677005,1.3272987486415309,1.0,0.9179834167709637,0.9517365456821026,0.9703535669586983
443,0.7777780860376463,0.5729716064623018,0.9540653930204646,1.1184505719105804,0.6694850490445792,1.150332158535277,1.0514993501195977,1.0,0.9509152065081352,0.9736780350438048,0.9851376720901126
444,0.7777780860376463,0.5729716064623018,0.8471058640518307,1.478154156688183,0.5927313105987937,1.0446712083752907,1.3592376153040144,1.0,0.892130788485607,0.9376955569461827,0.9619837296620776
445,0.7777780860376463,0.5729716064623018,0.7347278896285561,1.0083612136212117,0.6280185162719598,1.250494071542681,1.0427339694495006,1.0,0.8765253441802253,0.9180616395494368,0.9482947434292867
446,0.7777780860376463,0.5729716064623018,0.9875895091166915,1.3858931733069408,0.8333284156846015,1.036368769668013,1.1059856714981458,1.0,0.965738423028786,0.985880788485607,0.9928035043804756
447,0.7777780860376463,0.5729716064623018,0.8954663703642616,1.4859611359234743,0.6412743865639047,1.2295426493289592,1.2399003796081367,1.0,0.8779724655819775,0.9204865456821026,0.9493898623279099
448,0.7777780860376463,0.5729716064623018,0.606854646514965,1.3038963996746684,0.5732408543596776,1.201287312084183,1.3927437988557179,1.0,0.7376799123904881,0.818523153942428,0.8629928035043805
449,0.7777780860376463,0.5729716064623018,0.6827992983858543,1.199950366973493,0.5431442959475885,1.2570376043527531,1.2236547970951948,1.0,0.8051079474342928,0.8640096996245307,0.8970979349186483
450,0.7777780860376463,0.5729716064623018,0.973027492802902,1.1293529016412533,0.9696290077089063,1.1073493588663847,1.27085968870387,1.0,0.9774718397997497,0.9903785982478097,0.9963626408010012
451,0.7777780860376463,0.5729716064623018,0.9172560886243096,1.2164372795813332,0.3405609273618555,1.0740192876681345,1.218847810869108,1.0,0.9151673967459324,0.9489596370463079,0.9680068836045056
452,0.7777780860376463,0.5729716064623018,0.9383217886612699,1.4256547047807795,0.9945878108280968,1.147024608376909,1.2123211980815625,1.0,0.9541223404255319,0.9793491864831039,0.9902612640801002
453,0.7777780860376463,0.5729716064623018,0.9646190645772232,1.30501475863531,0.6221228140669367,1.2605520452175205,1.2455902058231925,1.0,0.9145025031289111,0.948607634543179,0.9676548811013768
454,0.7777780860376463,0.5729716064623018,0.8358628585993466,1.492922423463834,0.4048219078604692,1.261684810335849,1.0075097280586465,1.0,0.8290441176470589,0.8772293491864831,0.9061326658322904
455,0.7777780860376463,0.5729716064623018,0.6708285197110142,1.4230098527178212,0.9163378783002238,1.102070050759106,1.001548058965317,1.0,0.8663954943679599,0.9196652065081352,0.9559605757196495
456,0.7777780860376463,0.5729716064623018,0.8562549527234968,1.3397378630328385,0.941363033498662,1.0093921853799053,1.300896271916401,1.0,0.9638610763454318,0.987601689612015,0.9946026282853567
457,0.7777780860376463,0.5729716064623018,0.9778493364520194,1.2931970089397886,0.6239535303013573,1.383896715564255,1.1663884035273864,1.0,0.8999921777221527,0.9382431163954944,0.9590894868585732
458,0.7777780860376463,0.5729716064623018,0.7737791572415577,1.4722755285615974,0.49694023097713436,1.008057715787196,1.199966454896356,1.0,0.8676079474342928,0.907892678347935,0.9434449311639549
459,0.7777780860376463,0.5729716064623018,0.8698938734968886,1.4304738159450268,0.646668056306276,1.372594480921783,1.039960861245523,1.0,0.8570478723404256,0.8932650187734669,0.9245932415519399
460,0.7777780860376463,0.5729716064623018,0.679871012314169,1.2021249461518042,0.9269336025538666,1.1967932501581184,1.0006584803967127,1.0,0.8719102002503129,0.9217772215269087,0.9544743429286608
461,0.7777780860376463,0.5729716064623018,0.7589298586814551,1.1059633391916508,0.633448523361978,1.0059757094085457,1.0295751289652137,1.0,0.9258056946182729,0.9574859198998749,0.977706508135169
462,0.7777780860376463,0.5729716064623018,0.9319997986351968,1.4166832046996132,0.7645698224375557,1.3607742111417995,1.3245705303491735,1.0,0.88575563204005,0.929834167709637,0.9536921151439299
463,0.7777780860376463,0.5729716064623018,0.9187426473799027,1.2490755641359297,0.3612215804868258,1.0475372082703556,1.399601996933424,1.0,0.9172403003754693,0.9508369837296621,0.9695322277847309
464,0.7777780860376463,0.5729716064623018,0.6044768421685074,1.0527437924976406,0.3728783388514607,1.2489649681091113,1.1701527244671772,1.0,0.7555929286608261,0.8257978723404256,0.8650657071339174
465,0.7777780860376463,0.5729716064623018,0.6973781435537547,1.181944262296322,0.46233127791434286,1.2138595111724548,1.337031542912591,1.0,0.8186795994993742,0.8737484355444305,0.9037468710888611
466,0.7777780860376463,0.5729716064623018,0.8203408121335541,1.163352706846565,0.49211729352204725,1.355999033654512,1.2080418754903806,1.0,0.8613892365456821,0.8957681476846058,0.9269008135168961
467,0.7777780860376463,0.5729716064623018,0.7106054024286012,1.2761599822291325,0.8319070206753594,1.3583010540754215,1.078043202684284,1.0,0.8202831664580725,0.8764471214017522,0.9101611389236546
468,0.7777780860376463,0.5729716064623018,0.9496123225145893,1.171803983831183,0.4656168792471076,1.227036361786136,1.1560858534636678,1.0,0.9188047559449312,0.9501329787234043,0.9686326658322904
469,0.7777780860376463,0.5729716064623018,0.8759603415014205,1.3586370818976539,0.7490906668149363,1.3103913236028562,1.3721870857828866,1.0,0.8805929286608261,0.9261185857321652,0.9520103254067585
470,0.7777780860376463,0.5729716064623018,0.8363023962114754,1.4917436610904857,0.33078277947877466,1.1115596964062588,1.0555577727877499,1.0,0.8516505006257822,0.8910747809762203,0.9219727784730913
471,0.7777780860376463,0.5729716064623018,0.7073422747950214,1.1984185294407568,0.4054807906716395,1.3634686839147616,1.216335700810082,1.0,0.7827753441802253,0.840738423028786,0.8761733416770964
472,0.7777780860376463,0.5729716064623018,0.8705472226935524,1.2637441791384267,0.5473604563051885,1.3672065020808226,1.3833650742243488,1.0,0.8669821652065082,0.9015566332916145,0.9332368585732165
473,0.7777780860376463,0.5729716064623018,0.6806009988330362,1.4147548599295854,0.7285685542490141,1.2551457078618404,1.2090779220974812,1.0,0.7903629536921152,0.8567740926157696,0.8935779098873592
474,0.7777780860376463,0.5729716064623018,0.6983044557882702,1.1241478333873078,0.3777898719159016,1.0818743747207464,1.081529724965344,1.0,0.8528238423028787,0.8931867959949937,0.9256883604505632
475,0.7777780860376463,0.5729716064623018,0.7570457812016842,1.1907850236437472,0.8091299476679075,1.1559253207260325,1.1331005640523255,1.0,0.8983103879849812,0.940511576971214,0.96659887359199
476,0.7777780860376463,0.5729716064623018,0.9027566306855139,1.0882605384119195,0.6092241309640656,1.371157879074683,1.2695329984530828,1.0,0.9057024405506884,0.9417240300375469,0.9619055068836045
477,0.7777780860376463,0.5729716064623018,0.8105832892723421,1.3787405962939492,0.8619324033095568,1.2696364813174057,1.360775658023794,1.0,0.8759777847309136,0.9236154568210263,0.9523623279098874
478,0.7777780860376463,0.5729716064623018,0.9388278696763641,1.1756800284500535,0.7748897843203064,1.1058504801198497,1.2329721468125547,1.0,0.9564690237797246,0.9789580725907384,0.9891661451814768
479,0.7777780860376463,0.5729716064623018,0.7191500813197977,1.3251076207440495,0.7591536859666668,1.1036675992054095,1.1019793361709849,1.0,0.8729270963704631,0.9215816645807259,0.953340112640801
480,0.7777780860376463,0.5729716064623018,0.6405072671117349,1.066664531338548,0.5952101095123926,1.1998946566423687,1.236835391967414,1.0,0.8241160826032541,0.8786373591989988,0.9119602628285357
481,0.7777780860376463,0.5729716064623018,0.994379331155917,1.1430663770252802,0.6951382619185711,1.3796907317380873,1.2686848505795716,1.0,0.931124843554443,0.9568992490613266,0.9735215894868585
482,0.7777780860376463,0.5729716064623018,0.7829594733296128,1.1252720910588765,0.5484196370329175,1.0659912476899756,1.2931516096145392,1.0,0.9040206508135169,0.943875156445557,0.9662077596996246
483,0.7777780860376463,0.5729716064623018,0.7249903032329131,1.0361142825818088,0.44631682142947093,1.3163451225107543,1.102630106012409,1.0,0.8415206508135169,0.883956508135169,0.9151282853566959
484,0.7777780860376463,0.5729716064623018,0.8831229961426699,1.389923087933469,0.42083327926781255,1.1010772520088183,1.0843840394771085,1.0,0.885677409261577,0.9271745932415519,0.9527925531914894
485,0.7777780860376463,0.5729716064623018,0.8871360789786453,1.3772411735900552,0.5413719094431599,1.1108206678604102,1.2389374288286417,1.0,0.8974499374217773,0.9393773466833542,0.9622575093867334
486,0.7777780860376463,0.5729716064623018,0.8378096010652135,1.3814977161219226,0.7272633045906784,1.0043192844023858,1.3928102227716663,1.0,0.9313595118898623,0.9638219649561952,0.981500312891114
487,0.7777780860376463,0.5729716064623018,0.8573387466349226,1.136225197869936,0.33527720272941736,1.1927662586000731,1.3145100262345575,1.0,0.8864205256570713,0.9261576971214017,0.9506414267834793
488,0.7777780860376463,0.5729716064623018,0.7479272212228866,1.3761376758807482,0.6803238439176663,1.2049171173461528,1.2981379271148217,1.0,0.8465269086357947,0.8913876720901126,0.9258448060075094
489,0.7777780860376463,0.5729716064623018,0.8180062701557085,1.2351994106421509,0.7253263590041261,1.3291008158355,1.0060173903510623,1.0,0.8729270963704631,0.9118038172715894,0.9444227158948686
490,0.7777780860376463,0.5729716064623018,0.6953133561448823,1.3562912877030227,0.9617112302635047,1.3649582214146956,1.1876820059829296,1.0,0.8119524405506884,0.8739831038798498,0.91055225281602
491,0.7777780860376463,0.5729716064623018,0.8462706064818333,1.134193926290395,0.7219429071158967,1.1085693697395451,1.1290960693875367,1.0,0.9358964330413017,0.9652299749687109,0.9811091989987485
492,0.7777780860376463,0.5729716064623018,0.7394982071937698,1.319550821503018,0.3365508031341444,1.264245507251893,1.127320737334738,1.0,0.7972465581977471,0.8530976220275344,0.8860294117647058
493,0.7777780860376463,0.5729716064623018,0.8638948503783519,1.4087662159861556,0.3880241380097328,1.3351514999614988,1.2561947199705248,1.0,0.8376095118898623,0.8805929286608261,0.9099655819774718
494,0.7777780860376463,0.5729716064623018,0.6284295529415611,1.102172794051511,0.5672485077867326,1.3136637845679502,1.2322819726797039,1.0,0.7724108260325406,0.8383135168961202,0.8764080100125157
495,0.7777780860376463,0.5729716064623018,0.7268589050493774,1.4059198456122868,0.5583921197151295,1.3766703248508632,1.35897272692151,1.0,0.7680303504380476,0.8321730287859825,0.8701501877346683
496,0.7777780860376463,0.5729716064623018,0.9004893239987177,1.4466448370676848,0.9347549757919846,1.1371315448820418,1.2860339581536122,1.0,0.9382431163954944,0.9699233416770964,0.9852941176470589
497,0.7777780860376463,0.5729716064623018,0.9579797650563127,1.0303250933228603,0.8920065435001592,1.1233880640518523,1.2289797555743258,1.0,0.9758291614518148,0.9890096996245307,0.9942897371714643
498,0.7777780860376463,0.5729716064623018,0.8647898320158782,1.0439573278128702,0.6849522651788904,1.2457730374361269,1.2256407399674272,1.0,0.9257274718397998,0.9559605757196495,0.9740691489361702
499,0.7777780860376463,0.5729716064623018,0.9104738898887359,1.3218457885364703,0.9234747939397403,1.0921382997881581,1.194225266045571,1.0,0.957642365456821,0.981226533166458,0.9913954943679599
