sample number,reduction,reduction_depth,mu,std,q1,env,ws,baltimore_vol_rel,chester_rel,nuclear_rel,env_rel
0,0.7777780860376463,0.5729716064623018,0.6335742347619084,1.113771209812854,0.5094605017197373,1.1639821245278155,1.0185035212074571,1.0,0.8096057571964956,0.8690941802252816,0.901595744680851
1,0.7777780860376463,0.5729716064623018,0.6764595413702638,1.121763869107631,0.811015173901575,1.090136205704404,1.3496318225926243,1.0,0.8897841051314143,0.9375,0.9651517521902377
2,0.7777780860376463,0.5729716064623018,0.8141830705704061,1.0225584552781886,0.8815010934050289,1.2885426286877744,1.3812129121477654,1.0,0.9243194618272841,0.955999687108886,0.975125156445557
3,0.7777780860376463,0.5729716064623018,0.8455328212664479,1.3610154128806247,0.48589533397960627,1.2308533042297827,1.0239538069227743,1.0,0.8647528160200251,0.8992881727158949,0.9322199624530664
4,0.7777780860376463,0.5729716064623018,0.937560230274875,1.3804445575026012,0.39884627642813975,1.1640699215506785,1.0590844666572075,1.0,0.8906836670838548,0.9317897371714643,0.9549045682102628
5,0.7777780860376463,0.5729716064623018,0.8119644676500573,1.413615757659592,0.9656394319516748,1.0831904982249507,1.3285520884916293,1.0,0.9362875469336671,0.9708620150187734,0.9862719023779725
6,0.7777780860376463,0.5729716064623018,0.9357785183746316,1.1042034670991139,0.665138652512612,1.3679416643826938,1.271619749396239,1.0,0.9188438673341677,0.9506805381727159,0.9684762202753442
7,0.7777780860376463,0.5729716064623018,0.8217172271722604,1.3005060260096248,0.6979088669743104,1.3475298597476852,1.3558527685555166,1.0,0.8604114518147685,0.8976846057571966,0.9316724030037546
8,0.7777780860376463,0.5729716064623018,0.8931841698382527,1.1465685221209665,0.3954891735691477,1.0016972092012866,1.2743492100602956,1.0,0.9317115143929913,0.9598717146433041,0.9779802878598248
9,0.7777780860376463,0.5729716064623018,0.709421785556495,1.0832251730067826,0.481081145082982,1.3131986455960918,1.0798566128013727,1.0,0.8262280976220275,0.8762124530663329,0.906602002503129
10,0.7777780860376463,0.5729716064623018,0.9179525768961794,1.371622545995915,0.5846430131374678,1.2182838356925028,1.1550261704796956,1.0,0.8932259073842302,0.9358964330413017,0.9585028160200251
11,0.7777780860376463,0.5729716064623018,0.8949534049987999,1.0499391007595809,0.7315069289104925,1.1583520483640677,1.219022940282531,1.0,0.9491943053817271,0.9723873591989988,0.9849030037546934
12,0.7777780860376463,0.5729716064623018,0.6547875112910597,1.3972108289642073,0.5431529613826049,1.013963116555677,1.1825564273675206,1.0,0.823177409261577,0.8816489361702128,0.9154020650813517
13,0.7777780860376463,0.5729716064623018,0.7603521216964902,1.4285469031105718,0.6547784871824073,1.2835277158197336,1.12216094698608,1.0,0.8217302878598247,0.8761733416770964,0.9074624530663329
14,0.7777780860376463,0.5729716064623018,0.9617849765288914,1.3454016441791798,0.7962618759807392,1.1007944774397755,1.0834476460979094,1.0,0.9513845431789737,0.976494055068836,0.9877581351689612
15,0.7777780860376463,0.5729716064623018,0.9123684247808299,1.490230577379659,0.5102308822278386,1.0894271927159458,1.0884439826837946,1.0,0.8945556946182729,0.9371871088861077,0.9603019399249061
16,0.7777780860376463,0.5729716064623018,0.6799284104199848,1.4551760027155953,0.9516405045778358,1.0697146931753538,1.0222373692497162,1.0,0.8860685231539425,0.9374608886107635,0.9698842302878599
17,0.7777780860376463,0.5729716064623018,0.916882874874706,1.119233482394971,0.6405614992163331,1.0228594101597512,1.308391931235179,1.0,0.9563125782227785,0.9787234042553191,0.9892052565707133
18,0.7777780860376463,0.5729716064623018,0.6911766614277277,1.128080237889251,0.40238993819697794,1.366770375103186,1.194152856572027,1.0,0.7853175844806007,0.8435935544430538,0.8780897997496871
19,0.7777780860376463,0.5729716064623018,0.9574881431348496,1.318893693581076,0.6669091709596957,1.2724917216665512,1.2816669820518585,1.0,0.9128989361702128,0.9475125156445557,0.9671855444305382
20,0.7777780860376463,0.5729716064623018,0.6426385381413674,1.0636145548361406,0.9341687613988234,1.116977879823535,1.2226082576141382,1.0,0.8969414893617021,0.9423498122653317,0.9714877972465582
21,0.7777780860376463,0.5729716064623018,0.9960309001590393,1.1438635520566236,0.390880773998765,1.1443212935509925,1.1255941874873234,1.0,0.9387515644555695,0.9613188360450563,0.9775500625782227
22,0.7777780860376463,0.5729716064623018,0.7029536782975646,1.0650467085097466,0.4198307278045226,1.1715464623342584,1.1606865251383849,1.0,0.8512593867334168,0.8909965581977471,0.9229114518147684
23,0.7777780860376463,0.5729716064623018,0.9950580787653707,1.4869678589658246,0.5621597390971799,1.1964474853266382,1.0706648509896757,1.0,0.9082055694618273,0.94395337922403,0.9649561952440551
24,0.7777780860376463,0.5729716064623018,0.8403380560028799,1.0957189721763059,0.35479424125288134,1.2479902613088107,1.2803087264153052,1.0,0.880084480600751,0.918648310387985,0.945244055068836
25,0.7777780860376463,0.5729716064623018,0.9849042605671612,1.1108657608410804,0.9484562622261494,1.3165851918473377,1.0096380938473066,1.0,0.9569383604505632,0.9776282853566959,0.9874452440550688
26,0.7777780860376463,0.5729716064623018,0.7848065637868097,1.3051594188647053,0.7523638710900529,1.3091999716052478,1.310554477151959,1.0,0.8584558823529411,0.8977237171464331,0.9320635168961201
27,0.7777780860376463,0.5729716064623018,0.9257916269301425,1.2524388882120157,0.43908697131196517,1.1552248615601712,1.1749523836789557,1.0,0.909261576971214,0.9443836045056321,0.9651126408010012
28,0.7777780860376463,0.5729716064623018,0.6751464198730993,1.377750754001608,0.9913471859661342,1.1366163669289508,1.0879804417253636,1.0,0.8773075719649562,0.9315941802252816,0.9624139549436797
29,0.7777780860376463,0.5729716064623018,0.896547250056374,1.3326486419819241,0.5861896060867051,1.1866552984430807,1.2782154129419794,1.0,0.8957681476846058,0.9381648936170213,0.9605366082603254
30,0.7777780860376463,0.5729716064623018,0.9811381160636873,1.4169921693553682,0.5405220487379929,1.0174728990176314,1.319896653360389,1.0,0.9364831038798498,0.9652690863579474,0.9811091989987485
31,0.7777780860376463,0.5729716064623018,0.9803102018984898,1.07364403892955,0.31475532671565065,1.0627744765147755,1.1367177109581652,1.0,0.946964956195244,0.9685544430538173,0.9812656445556946
32,0.7777780860376463,0.5729716064623018,0.6353984009887695,1.4933070808431927,0.8484277452205116,1.145771684991138,1.2141910124193438,1.0,0.8038563829787234,0.8736311013767208,0.9132900500625782
33,0.7777780860376463,0.5729716064623018,0.9959829590126723,1.2551487932713123,0.980645354671118,1.1897983038565831,1.1232278863854146,1.0,0.9655037546933667,0.9844336670838548,0.9920212765957447
34,0.7777780860376463,0.5729716064623018,0.8363457812945645,1.1800085133571487,0.4366106555548026,1.1213588220500472,1.1455642630957752,1.0,0.8929130162703379,0.9352706508135169,0.9581117021276596
35,0.7777780860376463,0.5729716064623018,0.7699373866765176,1.029550282418014,0.8310569844315565,1.3912080916154763,1.0026764093920233,1.0,0.8808667083854819,0.9255710262828536,0.9519712140175219
36,0.7777780860376463,0.5729716064623018,0.9969199319196822,1.3842246642506812,0.8606654402486564,1.1015744291196001,1.3875985228839105,1.0,0.9586592615769712,0.9818523153942428,0.9906914893617021
37,0.7777780860376463,0.5729716064623018,0.824750076454801,1.2148160836095503,0.8199765106677264,1.0014643186591603,1.0127755983972768,1.0,0.953340112640801,0.9801705256570713,0.9912781602002503
38,0.7777780860376463,0.5729716064623018,0.8731653576863769,1.1117023938258745,0.5820103730622623,1.2619786413871155,1.1370120931522218,1.0,0.9076580100125157,0.9431711514392991,0.9643304130162703
39,0.7777780860376463,0.5729716064623018,0.9329744352665369,1.0068485765120747,0.7654961367204949,1.3410554617534691,1.3407092445863367,1.0,0.9412938047559449,0.9641739674593242,0.9796229662077597
40,0.7777780860376463,0.5729716064623018,0.9062324405121762,1.2465858537573555,0.36648619385591436,1.3185194017696682,1.076751893307724,1.0,0.875,0.909691802252816,0.9380866708385482
41,0.7777780860376463,0.5729716064623018,0.7746841459114777,1.3434748387510016,0.7407795842280601,1.321047757192761,1.0174395013092843,1.0,0.8469962453066333,0.8890409887359199,0.9227941176470589
42,0.7777780860376463,0.5729716064623018,0.6100006709056413,1.1005768533713607,0.7986354488689404,1.093972940908256,1.3480932421808303,1.0,0.8549358573216521,0.9067584480600751,0.9468476220275344
43,0.7777780860376463,0.5729716064623018,0.7051666060888769,1.1126735228140072,0.6315308820302101,1.28150435001026,1.2077825480535407,1.0,0.8409730913642053,0.8864596370463079,0.9193914267834793
44,0.7777780860376463,0.5729716064623018,0.9166192425564217,1.187331546700234,0.5236294521747038,1.1695880860353423,1.150454100542428,1.0,0.9206429912390488,0.952988110137672,0.9710966833541927
45,0.7777780860376463,0.5729716064623018,0.9078577451123817,1.4008228443566577,0.4945093258159239,1.295419527847551,1.0456806789663586,1.0,0.8707759699624531,0.9046464330413017,0.9364831038798498
46,0.7777780860376463,0.5729716064623018,0.8351590533432743,1.2158524242099777,0.48323051724547483,1.3566885579437737,1.0017193319094848,1.0,0.8601767834793492,0.8946339173967459,0.9252581351689612
47,0.7777780860376463,0.5729716064623018,0.7153915281650913,1.1778333605476852,0.4540649899332908,1.259973974158833,1.175428058358527,1.0,0.8193444931163955,0.8730835419274092,0.902886420525657
48,0.7777780860376463,0.5729716064623018,0.6724144541702896,1.3994390143273299,0.580830396104872,1.0312853333891285,1.3755779554218406,1.0,0.8320165832290363,0.8881414267834793,0.9225594493116396
49,0.7777780860376463,0.5729716064623018,0.7229478104876857,1.2630221439352387,0.3752098321666524,1.2258451295832722,1.300805640342471,1.0,0.807415519399249,0.8629536921151439,0.89549436795995
50,0.7777780860376463,0.5729716064623018,0.6770016861487137,1.3755144848159597,0.6769783375710123,1.0915442321194688,1.062857365580078,1.0,0.8375312891113893,0.8909965581977471,0.9265096996245307
51,0.7777780860376463,0.5729716064623018,0.6533968719698645,1.4494293193857506,0.40799182348705115,1.2718436873625365,1.0986394801293224,1.0,0.7117881727158949,0.7814455569461827,0.8315081351689612
52,0.7777780860376463,0.5729716064623018,0.7864117480744879,1.336423764923882,0.8454238571351804,1.062369073736031,1.0813619801371726,1.0,0.9257274718397998,0.9603801627033792,0.9798967459324155
53,0.7777780860376463,0.5729716064623018,0.7380945125582582,1.247441890759428,0.5134259457430413,1.1519274762760845,1.1568583428068915,1.0,0.8531758448060075,0.8932650187734669,0.9269008135168961
54,0.7777780860376463,0.5729716064623018,0.8571997073052192,1.3940378651641718,0.8856992870970679,1.398813200566136,1.2350583917626445,1.0,0.8697199624530663,0.9102393617021276,0.9447747183979975
55,0.7777780860376463,0.5729716064623018,0.9055187054749736,1.4728978912523685,0.7279481829244694,1.1228364665351336,1.0846632944178025,1.0,0.9166927409261577,0.951619211514393,0.9728958072590739
56,0.7777780860376463,0.5729716064623018,0.68246458154906,1.0844118379112608,0.6144564676368978,1.3444095074486822,1.358827778402502,1.0,0.8143773466833542,0.870267521902378,0.9016739674593242
57,0.7777780860376463,0.5729716064623018,0.8125814680610935,1.3871598271817,0.6882125571430746,1.274383156727632,1.0195045925907393,1.0,0.8609198998748435,0.8988188360450563,0.9327284105131415
58,0.7777780860376463,0.5729716064623018,0.9637110365638719,1.1558557345237133,0.7835264100174859,1.3843611859310623,1.1703474975609358,1.0,0.9279568210262829,0.9560387984981227,0.9732086983729662
59,0.7777780860376463,0.5729716064623018,0.6270681268716194,1.0687536913015392,0.35943432174845125,1.2019558773321612,1.3834695805652009,1.0,0.7848873591989988,0.8477393617021276,0.8824311639549437
60,0.7777780860376463,0.5729716064623018,0.6628152976573523,1.3207457086797183,0.8876275436823706,1.3366405779242994,1.236970187006135,1.0,0.79200563204005,0.8593554443053817,0.8968241551939925
61,0.7777780860376463,0.5729716064623018,0.8872312904648663,1.33549701422996,0.826869795336749,1.0071008382905435,1.321767764292677,1.0,0.9558823529411765,0.9810309762202754,0.9917083854818524
62,0.7777780860376463,0.5729716064623018,0.7410104793236114,1.4368033594463476,0.7817647012410572,1.3502228005847676,1.170467596867519,1.0,0.8076501877346683,0.868624843554443,0.9005788485607009
63,0.7777780860376463,0.5729716064623018,0.7499865526702924,1.4532793814405227,0.48991274169966115,1.0165378719771898,1.225269357949886,1.0,0.8575563204005006,0.8988579474342928,0.9355053191489362
64,0.7777780860376463,0.5729716064623018,0.8298297910447644,1.2735568927688037,0.38788615895582734,1.158836136081097,1.0139610618131067,1.0,0.8720275344180225,0.9065237797246558,0.939220901126408
65,0.7777780860376463,0.5729716064623018,0.8132697175599872,1.1081245103262236,0.6151066705401607,1.0843235525537762,1.1096200668785616,1.0,0.9236545682102628,0.9554912390488111,0.9753207133917396
66,0.7777780860376463,0.5729716064623018,0.6716689028975681,1.0466510848728892,0.8542976982001278,1.275675076644835,1.0155345154686364,1.0,0.8627190237797246,0.9054677722152691,0.9423107008760951
67,0.7777780860376463,0.5729716064623018,0.6977891700951154,1.3083393894910444,0.5355327017131842,1.1305667725995339,1.3163447818232277,1.0,0.8267365456821026,0.880944931163955,0.9128598247809763
68,0.7777780860376463,0.5729716064623018,0.8480012602844544,1.1880002739126487,0.7131385725883037,1.2787955731916618,1.3534559295020914,1.0,0.8939299123904881,0.9373435544430538,0.9596761576971214
69,0.7777780860376463,0.5729716064623018,0.9749010621776382,1.1220822880220336,0.8352375249589001,1.0252551616484975,1.1650742708908577,1.0,0.9779802878598248,0.990535043804756,0.9964017521902377
70,0.7777780860376463,0.5729716064623018,0.8208291110308701,1.407128224977399,0.7580981401527207,1.325158825882123,1.1198825162272408,1.0,0.8589643304130162,0.8974499374217773,0.9313986232790988
71,0.7777780860376463,0.5729716064623018,0.7956894540586406,1.3536428656518913,0.7034437572256211,1.1651973916977154,1.1890641050523054,1.0,0.8774640175219024,0.923732790988736,0.9526752190237797
72,0.7777780860376463,0.5729716064623018,0.7319618668508898,1.1834764333113743,0.932703071274176,1.0998460139258337,1.3337382483873317,1.0,0.9256492490613266,0.9620619524405507,0.981148310387985
73,0.7777780860376463,0.5729716064623018,0.8831880433124357,1.4195382585731813,0.607934959151695,1.054049449265363,1.063704843902731,1.0,0.9145416145181476,0.949976533166458,0.9718006883604505
74,0.7777780860376463,0.5729716064623018,0.7453612362632908,1.0367094132282006,0.39144814875065675,1.2367033885801226,1.1259569850597924,1.0,0.8614674593241551,0.8967459324155194,0.928543491864831
75,0.7777780860376463,0.5729716064623018,0.6852463886259963,1.2101086601201267,0.5147244377391277,1.3137267711183669,1.2241744473840988,1.0,0.787625156445557,0.8486780350438048,0.8836436170212766
76,0.7777780860376463,0.5729716064623018,0.6655004152346756,1.004390059490067,0.36775339432587834,1.1273389988609124,1.3906849610176912,1.0,0.8428504380475594,0.8877894242803505,0.9196652065081352
77,0.7777780860376463,0.5729716064623018,0.9578772151993933,1.1945841702185973,0.6364057205390989,1.3829452298149707,1.0940646258080013,1.0,0.9096526908635795,0.9438360450563203,0.9637437421777222
78,0.7777780860376463,0.5729716064623018,0.9240929349809208,1.2181109351386743,0.335756355494513,1.1108749033109575,1.0006379162728978,1.0,0.9116082603254068,0.9458698372966208,0.9656602002503129
79,0.7777780860376463,0.5729716064623018,0.7815755643981606,1.2230168902549783,0.8641375947134808,1.3314762794373975,1.3332246304161461,1.0,0.871636420525657,0.9152456195244055,0.9485294117647058
80,0.7777780860376463,0.5729716064623018,0.6676218097148894,1.0488817460209667,0.7809716695653615,1.2861829648740462,1.3000576437569267,1.0,0.8475438047559449,0.8924045682102628,0.9273701501877347
81,0.7777780860376463,0.5729716064623018,0.7359102347452712,1.491140161860431,0.45595179578841727,1.0685631983221868,1.3268482149421867,1.0,0.8265801001251565,0.8807493742177722,0.9118038172715894
82,0.7777780860376463,0.5729716064623018,0.6404868559190032,1.2665553928888316,0.8416105794340694,1.3169750453784428,1.2835646654681456,1.0,0.7826188986232792,0.8526673967459324,0.8914658948685857
83,0.7777780860376463,0.5729716064623018,0.9192756135270038,1.3032156548028833,0.43742638937521333,1.0421526431977954,1.3974385121297033,1.0,0.9195869837296621,0.9531054443053817,0.9719180225281602
84,0.7777780860376463,0.5729716064623018,0.9425167251049816,1.4512399524228154,0.8084975068425899,1.183824180709855,1.291742738717961,1.0,0.9258448060075094,0.9573294743429287,0.9766113892365457
85,0.7777780860376463,0.5729716064623018,0.7935723723821532,1.2849804805152438,0.8757606467357235,1.0210025728398648,1.0592393845047565,1.0,0.9426235919899875,0.9757509386733417,0.9889705882352942
86,0.7777780860376463,0.5729716064623018,0.8653593802534998,1.1718434299129017,0.8215217677090356,1.3236758559292945,1.32007495062819,1.0,0.9086749061326658,0.9449702753441802,0.9662468710888611
87,0.7777780860376463,0.5729716064623018,0.805086055637277,1.0435215883336881,0.901018246511541,1.058247350308027,1.1916314044177112,1.0,0.9609277221526908,0.9849812265331664,0.9925688360450563
88,0.7777780860376463,0.5729716064623018,0.8704358153909179,1.3447119942420578,0.30042389260187735,1.1572124483171753,1.1434881139979043,1.0,0.8703066332916145,0.903668648310388,0.9353488735919899
89,0.7777780860376463,0.5729716064623018,0.9204375512597502,1.0824025698202753,0.9414508280659841,1.2266824506770457,1.228318030908853,1.0,0.9575641426783479,0.9798967459324155,0.9893617021276596
90,0.7777780860376463,0.5729716064623018,0.9830147525242445,1.0216783793679427,0.6240949709298682,1.3292298454845877,1.032153239610298,1.0,0.9441880475594493,0.9648779724655819,0.9793882978723404
91,0.7777780860376463,0.5729716064623018,0.8176361345658258,1.2003188719489586,0.7898266688170883,1.1995437009264904,1.0745304303041194,1.0,0.9104740300375469,0.9470431789737171,0.9692975594493116
92,0.7777780860376463,0.5729716064623018,0.8693448775716923,1.2877697596261148,0.32535249107038133,1.1860352092612683,1.061197513341903,1.0,0.8738266583229036,0.9084011264080101,0.938790675844806
93,0.7777780860376463,0.5729716064623018,0.7484202015861204,1.1894928952380361,0.8580018303419596,1.1772479556703421,1.1593661358737235,1.0,0.896785043804756,0.9397684605757196,0.9662077596996246
94,0.7777780860376463,0.5729716064623018,0.6482368393197648,1.0402414152896768,0.3560031869013548,1.134298018642085,1.1132603460069177,1.0,0.8238423028785983,0.8767600125156445,0.9065628911138923
95,0.7777780860376463,0.5729716064623018,0.6700710622187946,1.4435167420507165,0.6274507753280925,1.0352145949144422,1.24615891467857,1.0,0.8326032540675845,0.8891583229036295,0.9242803504380476
96,0.7777780860376463,0.5729716064623018,0.8594524788883102,1.127479184087778,0.6843918022809531,1.2165370972067195,1.3324489367594643,1.0,0.9172011889862328,0.9513063204005007,0.9708229036295369
97,0.7777780860376463,0.5729716064623018,0.7583961114505173,1.392165193970129,0.7621108903965024,1.137878258519925,1.2677054301706334,1.0,0.8726142052565707,0.9193914267834793,0.9518929912390488
98,0.7777780860376463,0.5729716064623018,0.8395652534782377,1.0582329398316026,0.7221833615830631,1.379236056716156,1.2945740263917342,1.0,0.8934605757196495,0.9361702127659575,0.9579552565707133
99,0.7777780860376463,0.5729716064623018,0.7007502396924042,1.3606536077241336,0.42819087090488395,1.140354015753211,1.0013108947091895,1.0,0.8051470588235294,0.8642834793491865,0.8970197121401752
100,0.7777780860376463,0.5729716064623018,0.8461762122313141,1.3212613111359377,0.7204669139749857,1.1409979563663282,1.2664521989507882,1.0,0.9086357947434293,0.9454787234042553,0.9687108886107635
101,0.7777780860376463,0.5729716064623018,0.972752447045093,1.4144849729992548,0.5119323232227198,1.3556679772407085,1.1353183493372156,1.0,0.8788720275344181,0.9175140801001251,0.9445400500625782
102,0.7777780860376463,0.5729716064623018,0.9144323475217748,1.4812439919037368,0.8392773831853664,1.2141991392910365,1.268565689879591,1.0,0.9127424906132666,0.948607634543179,0.9705491239048811
103,0.7777780860376463,0.5729716064623018,0.6249343411619924,1.0085484496241242,0.9217744178207021,1.0520912091227148,1.265742455693039,1.0,0.9183745306633292,0.9579161451814768,0.9805225281602002
104,0.7777780860376463,0.5729716064623018,0.9133480989268254,1.0677399276452235,0.4486840680544491,1.1196054421470747,1.2449538295081912,1.0,0.9340973091364205,0.9598326032540676,0.9770025031289111
105,0.7777780860376463,0.5729716064623018,0.790447709017558,1.2671005559939033,0.7368643669632977,1.028972604449362,1.04004571849413,1.0,0.9263141426783479,0.958933041301627,0.9789189612015019
106,0.7777780860376463,0.5729716064623018,0.6539128700349184,1.0344142061465214,0.8653307632684817,1.1061321501948271,1.178769057783259,1.0,0.8978019399249061,0.9423107008760951,0.9703535669586983
107,0.7777780860376463,0.5729716064623018,0.9697123302613835,1.3519023448176926,0.9169440198682142,1.1549746091471005,1.1817497207754943,1.0,0.9554521276595744,0.9793100750938674,0.9894790362953693
108,0.7777780860376463,0.5729716064623018,0.6647406093029131,1.228629314181444,0.30242892858550174,1.2405850796602103,1.0353414653972708,1.0,0.7629849812265331,0.8277143304130162,0.8658479349186483
109,0.7777780860376463,0.5729716064623018,0.9646278330037285,1.2602789028602237,0.46148126510301024,1.2047597039646254,1.3091345441913629,1.0,0.913915832290363,0.9477862953692116,0.9667162077596996
110,0.7777780860376463,0.5729716064623018,0.70452915246324,1.1574776855385736,0.9354117901944567,1.0132207674608968,1.114738822800411,1.0,0.9409809136420526,0.9763767209011264,0.9902221526908636
111,0.7777780860376463,0.5729716064623018,0.9037986551764208,1.0667901737182204,0.7727056019562326,1.3069512229108349,1.3129500485226306,1.0,0.932767521902378,0.9586201501877347,0.9763767209011264
112,0.7777780860376463,0.5729716064623018,0.6361360634711385,1.4691143868278593,0.538937375772691,1.1451631941380707,1.2843522608219387,1.0,0.7483573216520651,0.8257978723404256,0.8691724030037546
113,0.7777780860376463,0.5729716064623018,0.9002105067027235,1.4614596996424998,0.33078565006886534,1.2408548560244401,1.2500437768275354,1.0,0.8570478723404256,0.8926783479349186,0.9227550062578223
114,0.7777780860376463,0.5729716064623018,0.7772707456070368,1.3625847712128476,0.44054462792766463,1.1222512329618548,1.3964554124908335,1.0,0.8517287234042553,0.8922090112640801,0.924671464330413
115,0.7777780860376463,0.5729716064623018,0.9997840763293543,1.1701926745826132,0.4511704225112637,1.3869817633936392,1.2041340407606806,1.0,0.9106695869837297,0.9429364831038799,0.9626095118898623
116,0.7777780860376463,0.5729716064623018,0.9740339359723498,1.2540310050822856,0.5266170865638495,1.3282496350733655,1.389678294655684,1.0,0.9040206508135169,0.9403942428035044,0.960653942428035
117,0.7777780860376463,0.5729716064623018,0.6788319711761128,1.011437970129502,0.6473258171262947,1.2700217326161134,1.3210853592655778,1.0,0.8503989361702128,0.8922090112640801,0.9257665832290363
118,0.7777780860376463,0.5729716064623018,0.6082847915536556,1.1251867555634025,0.5587108050055452,1.0981488898828466,1.090404693373778,1.0,0.815511576971214,0.8744524405506884,0.9084402377972466
119,0.7777780860376463,0.5729716064623018,0.8559862799421611,1.150982272336115,0.9800919096443925,1.3354203839129004,1.005448755999811,1.0,0.9250625782227785,0.956351689612015,0.97520337922403
120,0.7777780860376463,0.5729716064623018,0.9498620251418903,1.191314796163026,0.5273846320214589,1.2849943173084857,1.2304400997908962,1.0,0.9125469336670838,0.9459089486858573,0.9656993116395495
121,0.7777780860376463,0.5729716064623018,0.7327325801827658,1.0276744649355203,0.9709120772467301,1.2542235934615575,1.1809062778696555,1.0,0.9136420525657072,0.9496245306633292,0.9726611389236546
122,0.7777780860376463,0.5729716064623018,0.6411223162706993,1.3638320916331645,0.9053807756352559,1.3957400456472373,1.1386085816834866,1.0,0.7445244055068836,0.8235294117647058,0.8694070713391739
123,0.7777780860376463,0.5729716064623018,0.6374202155610504,1.0446297185847035,0.40653720004886834,1.1083188003641156,1.1027762800131053,1.0,0.8279489987484355,0.8803973717146433,0.9110998122653317
124,0.7777780860376463,0.5729716064623018,0.7400809382398554,1.0597374080388264,0.7563259367475912,1.1759884682141226,1.129371614447866,1.0,0.8985450563204005,0.940511576971214,0.9649953066332916
125,0.7777780860376463,0.5729716064623018,0.8423869317669925,1.0534166422919515,0.43077235198279723,1.167742887112094,1.09973192949587,1.0,0.9061326658322904,0.9431320400500626,0.964017521902378
126,0.7777780860376463,0.5729716064623018,0.8789564008292405,1.3165575993344996,0.8300509110381182,1.0122597590541047,1.0083458703790322,1.0,0.9566254693366708,0.981226533166458,0.9916692740926157
127,0.7777780860376463,0.5729716064623018,0.7311202357986686,1.1181838809824478,0.9601193033538948,1.1281134112127433,1.2301317716160285,1.0,0.9299906132665833,0.9649561952440551,0.9827909887359199
128,0.7777780860376463,0.5729716064623018,0.8672383978372938,1.1959494306666711,0.8544053313620057,1.2424691312890017,1.3644188496214036,1.0,0.9249843554443054,0.9565863579474343,0.9757118272841051
129,0.7777780860376463,0.5729716064623018,0.8631083255760182,1.4337514628224948,0.6561860879678398,1.2920041000368994,1.054356420220346,1.0,0.8670212765957447,0.9020259699624531,0.9373435544430538
130,0.7777780860376463,0.5729716064623018,0.7081146716594781,1.1014261317511644,0.480088015346538,1.1207153271420216,1.2273324880220475,1.0,0.8628363579474343,0.9004615143929913,0.9357008760951189
131,0.7777780860376463,0.5729716064623018,0.8369323343248335,1.4020087806542616,0.8261187748874455,1.1357066890373342,1.1640222420123512,1.0,0.9131336045056321,0.9493898623279099,0.9728175844806007
132,0.7777780860376463,0.5729716064623018,0.8922920980639579,1.0452333362965893,0.6122094130991602,1.0803079777284794,1.2596094502025255,1.0,0.949898310387985,0.9731695869837297,0.9851376720901126
133,0.7777780860376463,0.5729716064623018,0.6920627920796576,1.0162861937527652,0.6726026163008858,1.0920770687352634,1.2632728204654762,1.0,0.8920525657071339,0.937852002503129,0.9625704005006258
134,0.7777780860376463,0.5729716064623018,0.8008004434903546,1.227494176607969,0.6251881130524879,1.3691552133449258,1.325084574019409,1.0,0.8529020650813517,0.8913876720901126,0.9229896745932415
135,0.7777780860376463,0.5729716064623018,0.6586011679918302,1.2720052951815242,0.906975671842418,1.246046686074789,1.1682201475344247,1.0,0.8316645807259073,0.8870463078848561,0.9247105757196495
136,0.7777780860376463,0.5729716064623018,0.623171281090037,1.245587491487685,0.3606750498810583,1.073682625814098,1.0509276589401264,1.0,0.7819931163954944,0.8473873591989988,0.8837609511889862
137,0.7777780860376463,0.5729716064623018,0.6388906842980236,1.4797439078707915,0.9692324093355922,1.1102617382256927,1.2001828691021181,1.0,0.8484042553191489,0.9058588861076345,0.9485685231539425
138,0.7777780860376463,0.5729716064623018,0.9891668114858074,1.2537954536014457,0.9960631184929611,1.249231245188951,1.0732260691196542,1.0,0.9583072590738423,0.9803660826032541,0.9896354818523154
139,0.7777780860376463,0.5729716064623018,0.6951116893798186,1.2504502427236057,0.32434733573158087,1.2071682212068549,1.0916292037926598,1.0,0.7927096370463079,0.8514549436795995,0.8850516270337923
140,0.7777780860376463,0.5729716064623018,0.6456205216425618,1.3723165343250843,0.571487886000744,1.37023053061229,1.1923994125399247,1.0,0.7086592615769712,0.7813673341677096,0.8332290362953692
141,0.7777780860376463,0.5729716064623018,0.6879214004684817,1.1480718009331519,0.5905372307524954,1.3639711421029725,1.0071522349581217,1.0,0.7993976846057572,0.8579865456821026,0.8913485607008761
142,0.7777780860376463,0.5729716064623018,0.7211548660437472,1.2223342162213906,0.9744695834508381,1.0871149277128525,1.1297895152071487,1.0,0.9287781602002503,0.9669899874843555,0.984159887359199
143,0.7777780860376463,0.5729716064623018,0.6580365764002262,1.0030973502513352,0.6948286213518873,1.303890868007692,1.312352376258704,1.0,0.8340503754693367,0.8829396120150188,0.9174749687108886
144,0.7777780860376463,0.5729716064623018,0.7570955330208446,1.4953887794904053,0.9042186100187279,1.0057727341899168,1.1286709052796924,1.0,0.9272528160200251,0.9659339799749687,0.984511889862328
145,0.7777780860376463,0.5729716064623018,0.6568040059259347,1.2786559729209093,0.9458691136127952,1.1158946129724596,1.2982627743471478,1.0,0.8769555694618273,0.9313595118898623,0.9618272841051314
146,0.7777780860376463,0.5729716064623018,0.6552403421465887,1.2989375806690613,0.9142691493065764,1.265652897651706,1.3458598629675829,1.0,0.8175062578222778,0.8791066958698373,0.9171229662077597
147,0.7777780860376463,0.5729716064623018,0.8104559112334937,1.3257065836791049,0.9587969864153894,1.1779824308872409,1.3075999485982586,1.0,0.9213078848560701,0.9566645807259074,0.9772371714643304
148,0.7777780860376463,0.5729716064623018,0.8970240218775074,1.4993871504966199,0.7147421426810066,1.1982487685472945,1.1376104178078104,1.0,0.890409887359199,0.9355835419274092,0.9590503754693367
149,0.7777780860376463,0.5729716064623018,0.8310245326963821,1.3487625616191197,0.8381143739009418,1.2085632938472461,1.3061373066232076,1.0,0.8974890488110138,0.9399640175219024,0.9648779724655819
150,0.7777780860376463,0.5729716064623018,0.6126378165080877,1.1641654165314856,0.31796143774645347,1.263449763539755,1.1070002717879832,1.0,0.7264549436795995,0.7948216520650814,0.8429286608260326
151,0.7777780860376463,0.5729716064623018,0.6022213719638058,1.4352796976883173,0.8157779261965388,1.342420372077684,1.1852987912714805,1.0,0.6957525031289111,0.7797246558197747,0.8374139549436797
152,0.7777780860376463,0.5729716064623018,0.7945585484946708,1.2316125489942458,0.6337622508681935,1.2893191524983787,1.347751593454218,1.0,0.8632665832290363,0.899874843554443,0.9342928660826033
153,0.7777780860376463,0.5729716064623018,0.6995478313061986,1.4820882208652524,0.5772941210356419,1.1991777311279648,1.2620550402917803,1.0,0.78770337922403,0.8530976220275344,0.889119211514393
154,0.7777780860376463,0.5729716064623018,0.8083514757255973,1.0022122680164847,0.5542540558551603,1.2156317814288802,1.1471654948646877,1.0,0.9061326658322904,0.9427018147684606,0.9641348560700876
155,0.7777780860376463,0.5729716064623018,0.6739226163718122,1.0918979267290174,0.696470437155841,1.1524986209001242,1.0181638198450687,1.0,0.8658088235294118,0.9078144555694618,0.9441489361702128
156,0.7777780860376463,0.5729716064623018,0.9283567140010043,1.2206515658406434,0.9831498372062373,1.3087800996229213,1.3804080574546598,1.0,0.9388297872340425,0.9666770963704631,0.9821652065081352
157,0.7777780860376463,0.5729716064623018,0.6237742440769241,1.3150802280302296,0.5647533941610205,1.0506224298768114,1.078137285309007,1.0,0.8070635168961202,0.8709715269086358,0.9063673341677096
158,0.7777780860376463,0.5729716064623018,0.955893495647063,1.4058322437406403,0.8109338277288045,1.1373514563575882,1.3674994417844784,1.0,0.9394164580725908,0.968319774718398,0.9836123279098874
159,0.7777780860376463,0.5729716064623018,0.724292886914093,1.4624078428504126,0.34202152942722286,1.2678802695327693,1.2933142043835018,1.0,0.7568053817271589,0.8238423028785983,0.8623279098873592
160,0.7777780860376463,0.5729716064623018,0.9208293891329534,1.207835989429802,0.8430243348730482,1.222496775531686,1.054581304254315,1.0,0.9398466833541927,0.9671464330413017,0.9822043178973717
161,0.7777780860376463,0.5729716064623018,0.7022854883221803,1.219401257807481,0.9095082943831281,1.2449391726890413,1.1009351106690062,1.0,0.8652612640801001,0.9093397997496871,0.9482165206508135
162,0.7777780860376463,0.5729716064623018,0.6114695432294814,1.4250554527412795,0.3737402324503296,1.212123183813849,1.1802040675533285,1.0,0.6924280350438048,0.7665050062578223,0.8187187108886107
163,0.7777780860376463,0.5729716064623018,0.6687691963341983,1.2939965830859093,0.5789054192460972,1.2370814996519677,1.0451127585428004,1.0,0.7891505006257822,0.8529020650813517,0.8884543178973717
164,0.7777780860376463,0.5729716064623018,0.7492350496238414,1.1677141809712648,0.6632160788437067,1.238668199277527,1.3050478609032212,1.0,0.8651048185231539,0.9031210888610763,0.9392600125156445
165,0.7777780860376463,0.5729716064623018,0.9816843333123122,1.2346721637098226,0.9533864365133888,1.3222193589869868,1.3246268316283332,1.0,0.9448529411764706,0.9693757822277848,0.9838078848560701
166,0.7777780860376463,0.5729716064623018,0.7664161106968548,1.1027705671066765,0.3701486606603083,1.1561613749259336,1.3943498104826817,1.0,0.8693679599499374,0.9038250938673342,0.9372653316645807
167,0.7777780860376463,0.5729716064623018,0.6987729073202373,1.3675775416391909,0.8732217440700187,1.050236638770647,1.1004252158541756,1.0,0.8932259073842302,0.9407853566958698,0.9712922403003754
168,0.7777780860376463,0.5729716064623018,0.9094539551313499,1.3915161539170309,0.6041229361640013,1.0495769574099028,1.2785482313047816,1.0,0.925023466833542,0.9563908010012516,0.976494055068836
169,0.7777780860376463,0.5729716064623018,0.6974833550548438,1.0883229537479449,0.5186155969701184,1.362067257922581,1.1581252392464858,1.0,0.8103097622027534,0.8654177096370463,0.8969806007509387
170,0.7777780860376463,0.5729716064623018,0.7147922270837584,1.301481909115347,0.6747575005384686,1.0467835605459168,1.102119759034327,1.0,0.8761342302878599,0.9245150187734669,0.9544352315394242
171,0.7777780860376463,0.5729716064623018,0.8998323171604172,1.249727775461099,0.36486425242612514,1.3659851514800239,1.3423843457711495,1.0,0.8664737171464331,0.8996792866082604,0.9295603879849812
172,0.7777780860376463,0.5729716064623018,0.616527367427358,1.3314661973058053,0.661573295060629,1.1428509308179962,1.3992875852834945,1.0,0.7803113266583229,0.8526282853566959,0.8916223404255319
173,0.7777780860376463,0.5729716064623018,0.7437830265203612,1.2254371207031256,0.9263334476959955,1.0106772209656532,1.1310940975632764,1.0,0.9446573842302879,0.9782931789737171,0.9911999374217773
174,0.7777780860376463,0.5729716064623018,0.7752667432134527,1.3598869284525839,0.45262014580028137,1.026484041613282,1.1896480072486237,1.0,0.8708541927409261,0.9106304755944932,0.9443444931163955
175,0.7777780860376463,0.5729716064623018,0.8516133668381878,1.1932119731904847,0.869850358129397,1.031035436788656,1.2082215570886432,1.0,0.9596761576971214,0.984159887359199,0.9923732790988736
176,0.7777780860376463,0.5729716064623018,0.7721065974854072,1.229410987262618,0.9151945541280808,1.0459144733594432,1.1333918179016438,1.0,0.9413329161451814,0.97520337922403,0.9886185857321652
177,0.7777780860376463,0.5729716064623018,0.9874891301372144,1.4032833502353999,0.5500662713679181,1.1723453313101224,1.1716550854366197,1.0,0.9175140801001251,0.9511107634543179,0.9695713391739674
178,0.7777780860376463,0.5729716064623018,0.8161203255722436,1.1996976935948296,0.6716744258658897,1.2301940946866519,1.2549282549774174,1.0,0.8869289737171464,0.9319461827284106,0.955921464330413
179,0.7777780860376463,0.5729716064623018,0.6291168410457573,1.0194225269964334,0.7343309508500129,1.3183877785160498,1.0309644470650519,1.0,0.8126955569461827,0.871558197747184,0.9050375469336671
180,0.7777780860376463,0.5729716064623018,0.7267848577338576,1.0973200242811183,0.44622244813640927,1.1390637991036154,1.353903619696764,1.0,0.8640879224030038,0.9006570713391739,0.9353879849812266
181,0.7777780860376463,0.5729716064623018,0.6015917509529292,1.230433562928527,0.5520945810224124,1.060560989232587,1.214688508319359,1.0,0.7992412390488111,0.8654959324155194,0.9014001877346683
182,0.7777780860376463,0.5729716064623018,0.8319035269848429,1.4089734129375058,0.3837996134953282,1.0989639000828115,1.2825136044554388,1.0,0.8664346057571966,0.9012828535669587,0.9355835419274092
183,0.7777780860376463,0.5729716064623018,0.9789528285259829,1.2138175404520128,0.5756493157440767,1.0404664720097023,1.0397226305568574,1.0,0.9538094493116396,0.9761420525657072,0.9868976846057572
184,0.7777780860376463,0.5729716064623018,0.7035165156644102,1.1978834754551146,0.5673239665224352,1.1186496124163756,1.315054052282474,1.0,0.855718085106383,0.8970979349186483,0.9329239674593242
185,0.7777780860376463,0.5729716064623018,0.889780057977066,1.0232206942826931,0.3714357936957673,1.338082790733547,1.0150099449341845,1.0,0.8975281602002503,0.9348013141426783,0.9560387984981227
186,0.7777780860376463,0.5729716064623018,0.7937871926747446,1.47180911614046,0.9846293083193687,1.2289553669476034,1.3036502868192938,1.0,0.8857947434292865,0.9352315394242804,0.9618663954943679
187,0.7777780860376463,0.5729716064623018,0.8490197391178588,1.415776106378058,0.499226642135794,1.3401318471582309,1.0801712346069834,1.0,0.8398388610763454,0.8826267209011264,0.9134073842302879
188,0.7777780860376463,0.5729716064623018,0.9942428381315496,1.2884183696271707,0.7181968346547432,1.3101048550808871,1.12053956189398,1.0,0.9257274718397998,0.9553739048811014,0.9728566958698373
189,0.7777780860376463,0.5729716064623018,0.9041230832508249,1.1694703413623606,0.5221844087762296,1.109574391119343,1.2964322428687212,1.0,0.9278003754693367,0.9571339173967459,0.975125156445557
190,0.7777780860376463,0.5729716064623018,0.6044159715492397,1.0644487260671218,0.5565787501875052,1.3655819351337342,1.285464644727415,1.0,0.7379145807259073,0.8134386733416771,0.8565394242803505
191,0.7777780860376463,0.5729716064623018,0.747910379419541,1.01583312075908,0.9295428506922596,1.1072390515821642,1.258256678491412,1.0,0.9429364831038799,0.9752816020025031,0.9879928035043805
192,0.7777780860376463,0.5729716064623018,0.6605939729698659,1.1165863182387294,0.43438273691132073,1.3520619957070197,1.3798964300563967,1.0,0.7698685857321652,0.8324076971214017,0.8701892991239049
193,0.7777780860376463,0.5729716064623018,0.6510446079851706,1.0503062694382044,0.7099610692661942,1.0852816323716874,1.1953574175990314,1.0,0.8759386733416771,0.925023466833542,0.9547481226533167
194,0.7777780860376463,0.5729716064623018,0.7792587831716509,1.2793434272340845,0.5211467039521531,1.2507319901405478,1.0653113201125683,1.0,0.8483651439299124,0.8888845431789737,0.9205256570713392
195,0.7777780860376463,0.5729716064623018,0.6782061183657212,1.1311289002845177,0.4709646752922041,1.3856349684844784,1.2238050229682107,1.0,0.7770259699624531,0.8372575093867334,0.8735528785982478
196,0.7777780860376463,0.5729716064623018,0.7463669048590492,1.1362720514549896,0.3382529939313058,1.3073381240160042,1.064786598731505,1.0,0.8250938673341677,0.8743742177722152,0.9030428660826033
197,0.7777780860376463,0.5729716064623018,0.9602681417100619,1.0752187567972071,0.3948901233726505,1.3012942669733993,1.2202200328754267,1.0,0.9198607634543179,0.9493507509386734,0.9678504380475594
198,0.7777780860376463,0.5729716064623018,0.6204151290502945,1.1823905678724795,0.5019964546961255,1.1242852593796038,1.1398454361401786,1.0,0.7957212140175219,0.8594336670838548,0.8952596996245307
199,0.7777780860376463,0.5729716064623018,0.8990178134151809,1.355416817659469,0.8510934233457392,1.0415489314106114,1.0736579141398785,1.0,0.9543570087609512,0.9799358573216521,0.9908870463078848
200,0.7777780860376463,0.5729716064623018,0.6891857650238437,1.1356277024102064,0.9951634058269143,1.1498588716434308,1.23285695880904,1.0,0.9118038172715894,0.9514627659574468,0.976415832290363
201,0.7777780860376463,0.5729716064623018,0.7062599812789753,1.1851191265373284,0.9426612467371627,1.3328373763851078,1.104359930956915,1.0,0.8563438673341677,0.9006570713391739,0.9367177722152691
202,0.7777780860376463,0.5729716064623018,0.6214484105028315,1.426936717042353,0.6393861647126216,1.1701921165587745,1.3154737051495102,1.0,0.7510168961201502,0.8297872340425532,0.8737484355444305
203,0.7777780860376463,0.5729716064623018,0.9752782988074162,1.4701371157063745,0.723147106995783,1.1741909484192916,1.3571149781565117,1.0,0.9242803504380476,0.9561170212765957,0.9750078222778473
204,0.7777780860376463,0.5729716064623018,0.6689168782345019,1.1265909607637856,0.6464100101191779,1.2119212430200244,1.206316257840721,1.0,0.8340112640801001,0.8846214017521903,0.9188047559449312
205,0.7777780860376463,0.5729716064623018,0.9118061763175687,1.061038006494118,0.7002285986183905,1.3911329909997177,1.168977740611879,1.0,0.9173185231539425,0.9498591989987484,0.9679286608260326
206,0.7777780860376463,0.5729716064623018,0.6667105147932365,1.0981486294599043,0.8464668272246834,1.2483824735875406,1.3297604553740938,1.0,0.8557963078848561,0.9014784105131415,0.9373826658322904
207,0.7777780860376463,0.5729716064623018,0.9690237173105876,1.31375936913808,0.9926467141837143,1.224699298547862,1.1342693689417542,1.0,0.9545525657071339,0.9788016270337923,0.9886968085106383
208,0.7777780860376463,0.5729716064623018,0.9547143717841771,1.0817353651226134,0.6224058256325691,1.294830990982926,1.2267142723208262,1.0,0.9339017521902377,0.9585028160200251,0.9754380475594493
209,0.7777780860376463,0.5729716064623018,0.8541751729131748,1.4187609557169152,0.7870950332471018,1.2106498219837498,1.0423682762619917,1.0,0.8916614518147684,0.9367568836045056,0.9603410513141427
210,0.7777780860376463,0.5729716064623018,0.6094807224441271,1.2561593890324092,0.4421807457561735,1.2963292485739333,1.2519395569447485,1.0,0.7059605757196495,0.778316645807259,0.8300219023779725
211,0.7777780860376463,0.5729716064623018,0.8199901693063782,1.2910524841090012,0.9837211620424053,1.2092521864951864,1.0863623909828977,1.0,0.9248670212765957,0.9591285982478097,0.9781758448060075
212,0.7777780860376463,0.5729716064623018,0.8145945453359289,1.1547103178946427,0.8970828292274675,1.200325204875318,1.346791810444066,1.0,0.9278003754693367,0.9592459324155194,0.978136733416771
213,0.7777780860376463,0.5729716064623018,0.7704620214407715,1.460178096076235,0.7485924007331957,1.2283645723414462,1.172584569238488,1.0,0.85020337922403,0.8935779098873592,0.9286608260325406
214,0.7777780860376463,0.5729716064623018,0.7562519430787829,1.3795979390652284,0.5443967267621088,1.3482720369183359,1.3239440901581714,1.0,0.7980287859824781,0.8557571964956195,0.8892365456821026
215,0.7777780860376463,0.5729716064623018,0.8647184844749809,1.0706642141846967,0.4128715236893128,1.1029391826108088,1.2353027314429836,1.0,0.9207603254067585,0.9533792240300375,0.9712922403003754
216,0.7777780860376463,0.5729716064623018,0.7618029301214652,1.3694287390469533,0.7054724071077949,1.3541311784546692,1.067439189887723,1.0,0.8210262828535669,0.8748435544430538,0.9063282227784731
217,0.7777780860376463,0.5729716064623018,0.8248454174313808,1.0964155889564706,0.8521694811204426,1.066941037267005,1.3525480544300614,1.0,0.9541223404255319,0.9797011889862328,0.9902221526908636
218,0.7777780860376463,0.5729716064623018,0.6446053419869529,1.1597415631909582,0.8334893904635201,1.1827410739340098,1.0441218456048493,1.0,0.8486780350438048,0.8999139549436797,0.9357008760951189
219,0.7777780860376463,0.5729716064623018,0.8170671541944449,1.4978739480866223,0.9174590167538497,1.2783838483942562,1.2386330648197188,1.0,0.8714799749687109,0.9178660826032541,0.9506414267834793
220,0.7777780860376463,0.5729716064623018,0.8001996286130058,1.3821379772183977,0.4692972096461076,1.3710720457304177,1.2484876645098217,1.0,0.8105835419274092,0.8628363579474343,0.8946730287859825
221,0.7777780860376463,0.5729716064623018,0.9916842642027004,1.1796706145328586,0.4608247661879161,1.2694148603055073,1.038097089298094,1.0,0.9237719023779725,0.9530272215269087,0.9698842302878599
222,0.7777780860376463,0.5729716064623018,0.8030173559294673,1.4321716753752234,0.38652849137527023,1.3515881542142476,1.1558903274640584,1.0,0.8012750312891114,0.8549358573216521,0.8869289737171464
223,0.7777780860376463,0.5729716064623018,0.6059783847843335,1.0410992205029632,0.42076778038287893,1.2803132234135206,1.1933055289729788,1.0,0.7567271589486859,0.826619211514393,0.8660826032540676
224,0.7777780860376463,0.5729716064623018,0.7688334726784973,1.4650835400798923,0.601049565014395,1.162617120752368,1.0964905035208727,1.0,0.8444931163954944,0.8902925531914894,0.9237719023779725
225,0.7777780860376463,0.5729716064623018,0.681350273827514,1.364406791129623,0.4916813516644507,1.354567931575915,1.2795671863407265,1.0,0.7343163329161452,0.8068679599499374,0.8510247183979975
226,0.7777780860376463,0.5729716064623018,0.7785424003163564,1.3493737054736088,0.537458260663618,1.0391099594016553,1.2858361221283843,1.0,0.8775422403003754,0.9231852315394242,0.9524014392991239
227,0.7777780860376463,0.5729716064623018,0.7506298718813241,1.4663992428470616,0.6508907319855212,1.3936977514344022,1.142843035976204,1.0,0.7810544430538173,0.8433588861076345,0.8798889236545682
228,0.7777780860376463,0.5729716064623018,0.6285790062641973,1.417149112942527,0.3579750239150356,1.2148009360025207,1.195052790605591,1.0,0.70584324155194,0.7777690863579474,0.828340112640801
229,0.7777780860376463,0.5729716064623018,0.8413846455295837,1.3226989321546232,0.41773047394160107,1.2346452891018374,1.0670840354556357,1.0,0.8616239048811014,0.896433041301627,0.9282306007509387
230,0.7777780860376463,0.5729716064623018,0.93840226462177,1.205655154079954,0.6695281225622036,1.061271521591065,1.2343225559158038,1.0,0.9517365456821026,0.9757118272841051,0.9870932415519399
231,0.7777780860376463,0.5729716064623018,0.6321237261775279,1.0515268767514876,0.45244869101873164,1.0429608165687867,1.3726792087190598,1.0,0.843397997496871,0.8914658948685857,0.9249843554443054
232,0.7777780860376463,0.5729716064623018,0.961581487009485,1.0473750233791068,0.34866036822167024,1.1438442731788334,1.1885406728108094,1.0,0.9390644555694618,0.9615143929912391,0.9772762828535669
233,0.7777780860376463,0.5729716064623018,0.9834626439653663,1.4290039565307113,0.9551138587956833,1.1662277003002288,1.2708606809523053,1.0,0.9543178973717147,0.9790362953692116,0.9892052565707133
234,0.7777780860376463,0.5729716064623018,0.6838759392052914,1.4418047009360289,0.34753285100096776,1.0097188474434082,1.1861821458753852,1.0,0.8046386107634543,0.8662781602002503,0.8994055068836045
235,0.7777780860376463,0.5729716064623018,0.9018539772130971,1.3768439038501095,0.40565315984744754,1.1924522875358525,1.085072474561764,1.0,0.8778551314142679,0.916066958698373,0.9440707133917396
236,0.7777780860376463,0.5729716064623018,0.7540807856010676,1.4549986409828337,0.9450973107318017,1.1616877404118613,1.2564808222052597,1.0,0.8843476220275344,0.9351533166458073,0.9631570713391739
237,0.7777780860376463,0.5729716064623018,0.6261407925040798,1.3852358219118202,0.869675241068971,1.397276336797566,1.0571529205556611,1.0,0.7184762202753442,0.8025657071339174,0.8523545056320401
238,0.7777780860376463,0.5729716064623018,0.8685159778413949,1.447844211388385,0.7877408892443061,1.3832201012736853,1.1864170495721653,1.0,0.8630710262828536,0.8999139549436797,0.9346057571964956
239,0.7777780860376463,0.5729716064623018,0.7107838321336849,1.0181219274607463,0.4699202748478165,1.2049090031293859,1.2366242317890679,1.0,0.8610372340425532,0.8976454943679599,0.9308901752190237
240,0.7777780860376463,0.5729716064623018,0.9594334137380636,1.0740597506471974,0.8808486166752865,1.2899020388918885,1.342990050158574,1.0,0.9531836670838548,0.9750469336670838,0.9863892365456821
241,0.7777780860376463,0.5729716064623018,0.8550767823203899,1.1341839357596746,0.9981075174486524,1.2797207817050398,1.3979290308459662,1.0,0.9363657697121401,0.9656210888610763,0.9816567584480601
242,0.7777780860376463,0.5729716064623018,0.7201778040346333,1.2483061306625503,0.6419366358526005,1.3026560754771705,1.0864805753632345,1.0,0.8214173967459324,0.8752737797246558,0.9070713391739674
243,0.7777780860376463,0.5729716064623018,0.8473227156439487,1.438338824483255,0.7937327474650918,1.3887216195275702,1.0044319821215555,1.0,0.8577518773466833,0.8959637046307884,0.9290519399249061
244,0.7777780860376463,0.5729716064623018,0.641933184795049,1.168517017949426,0.4630915620312001,1.3727036327746291,1.0297243547575121,1.0,0.7360763454317898,0.8084324155193993,0.8515331664580725
245,0.7777780860376463,0.5729716064623018,0.9311619770439291,1.0896762973397618,0.7748968428282714,1.3897186851988697,1.0724791007293275,1.0,0.9258839173967459,0.9549436795994993,0.972113579474343
246,0.7777780860376463,0.5729716064623018,0.7396920672438442,1.3286632074505957,0.814937169980654,1.0436889503989368,1.3177223543983148,1.0,0.9068757822277848,0.9473951814768461,0.9739909261576971
247,0.7777780860376463,0.5729716064623018,0.9296376369859175,1.174017837114469,0.5306160887565963,1.1764485360576284,1.173210732148023,1.0,0.9251799123904881,0.9554521276595744,0.9732086983729662
248,0.7777780860376463,0.5729716064623018,0.9651955686041482,1.3817563345383206,0.9621947679736154,1.276194230780802,1.2410094042615385,1.0,0.9369524405506884,0.9652690863579474,0.9813438673341677
249,0.7777780860376463,0.5729716064623018,0.9561168694159634,1.0947245484940487,0.5071659128225757,1.0483909056971574,1.3683187939196648,1.0,0.9525969962453066,0.9752424906132666,0.985450563204005
250,0.7777780860376463,0.5729716064623018,0.890827845116285,1.079027673162836,0.7366322605478297,1.3800228549991869,1.0074475726332526,1.0,0.9142678347934918,0.9471996245306633,0.9664815394242804
251,0.7777780860376463,0.5729716064623018,0.7829218250180675,1.4683914905844218,0.4228308207078523,1.3781464496877764,1.2628732766029689,1.0,0.7803895494367961,0.8381961827284106,0.8735919899874843
252,0.7777780860376463,0.5729716064623018,0.9517390370824728,1.4379910754164693,0.8183750319587477,1.212946379328635,1.2731741018912435,1.0,0.9253754693366708,0.9565081351689612,0.9760247183979975
253,0.7777780860376463,0.5729716064623018,0.9585051748676324,1.312099770635581,0.5417959865567583,1.1971308750275986,1.2572167350180647,1.0,0.9143851689612015,0.9485294117647058,0.9678504380475594
254,0.7777780860376463,0.5729716064623018,0.619993823002892,1.3656656320518623,0.5484029523213991,1.2074084026256295,1.1115078661888065,1.0,0.7338469962453067,0.8132431163954944,0.8586905506883604
255,0.7777780860376463,0.5729716064623018,0.8497013093701324,1.0258288532428355,0.531396414323244,1.0948077433149064,1.0563905326526304,1.0,0.9334324155193993,0.9605757196495619,0.9784105131414268
256,0.7777780860376463,0.5729716064623018,0.7014185275417087,1.3111473033155037,0.5833585812317452,1.2982353729003662,1.1245909365185502,1.0,0.7924358573216521,0.853136733416771,0.8884934292866082
257,0.7777780860376463,0.5729716064623018,0.6190087863774912,1.0282315645468785,0.977540349179465,1.134404792285186,1.244571015559977,1.0,0.8925219023779725,0.9401204630788486,0.9705882352941176
258,0.7777780860376463,0.5729716064623018,0.7861209501637516,1.2658395169913166,0.7676291030419324,1.0955083107061532,1.011679444164006,1.0,0.9128989361702128,0.9491551939924906,0.9727393617021276
259,0.7777780860376463,0.5729716064623018,0.7234304646633662,1.3707501984289021,0.6540583907744391,1.2195916139438396,1.3691447200004427,1.0,0.8241943053817271,0.8791066958698373,0.9119211514392991
260,0.7777780860376463,0.5729716064623018,0.6840792727807328,1.142762983216538,0.7567891675467114,1.0037364231046924,1.184100619443126,1.0,0.9101220275344181,0.9493116395494368,0.9750860450563203
261,0.7777780860376463,0.5729716064623018,0.7672480059435712,1.2116642622732083,0.5735310126008933,1.1068156583389737,1.089070563031609,1.0,0.8806711514392991,0.9258056946182729,0.9534965581977471
262,0.7777780860376463,0.5729716064623018,0.8225988224154428,1.0323575021480924,0.5985180542565705,1.3922414979318611,1.2558433595190535,1.0,0.880084480600751,0.9201736545682102,0.9472778473091364
263,0.7777780860376463,0.5729716064623018,0.6563884626727803,1.3525939327061913,0.9408594345516426,1.1233029840946296,1.1168457430012255,1.0,0.8643617021276596,0.9166927409261577,0.9549045682102628
264,0.7777780860376463,0.5729716064623018,0.7914223661899413,1.2759245180257652,0.45865526848903654,1.3062508252418175,1.299169756486528,1.0,0.8352237171464331,0.8807102628285357,0.910904255319149
265,0.7777780860376463,0.5729716064623018,0.7734733532838535,1.2613624756515778,0.6321872291260779,1.3453607689438043,1.0339526383431812,1.0,0.83944774718398,0.8841520650813517,0.9158714017521903
266,0.7777780860376463,0.5729716064623018,0.7127707842180263,1.3093087206670115,0.37697697301703037,1.056751556860949,1.0263784809563687,1.0,0.8351063829787234,0.8843476220275344,0.9151673967459324
267,0.7777780860376463,0.5729716064623018,0.7334616306485983,1.334531128465522,0.7434915305327938,1.0559757504426084,1.26484296742688,1.0,0.8851689612015019,0.9353097622027534,0.9621010638297872
268,0.7777780860376463,0.5729716064623018,0.9866109202937201,1.0529969618823956,0.9282988017124987,1.1528902252178688,1.2181962569924285,1.0,0.9762984981226533,0.9894008135168961,0.9946026282853567
269,0.7777780860376463,0.5729716064623018,0.9528082298891413,1.4126378403499686,0.4971445085580184,1.0244734972708969,1.0954854293653546,1.0,0.9277221526908636,0.957212140175219,0.976415832290363
270,0.7777780860376463,0.5729716064623018,0.9218678269855587,1.1844726516543373,0.773284863070135,1.1917229646911325,1.2880017957150205,1.0,0.9402769086357947,0.9668726533166458,0.9818523153942428
271,0.7777780860376463,0.5729716064623018,0.7551692028593362,1.452419907147813,0.5168946583354301,1.1508496213712327,1.1489357665115747,1.0,0.8307259073842304,0.8819618272841051,0.9132900500625782
272,0.7777780860376463,0.5729716064623018,0.8716664163446117,1.4065240307152784,0.330986090884152,1.3299698325710185,1.2053172682391315,1.0,0.837374843554443,0.8798498122653317,0.9090269086357947
273,0.7777780860376463,0.5729716064623018,0.7843278501679297,1.2584721753442374,0.9569206893822808,1.044133575688341,1.027721208503923,1.0,0.9498591989987484,0.9797794117647058,0.9920603879849812
274,0.7777780860376463,0.5729716064623018,0.6865227174315519,1.1787273332958081,0.42984085610529854,1.1037427778412268,1.0360752413850025,1.0,0.8365143929912391,0.8851689612015019,0.9166145181476846
275,0.7777780860376463,0.5729716064623018,0.9630338023500933,1.0575487403199069,0.9231592756245419,1.1883969431167545,1.0620292632405794,1.0,0.9695713391739674,0.9855287859824781,0.9924123904881101
276,0.7777780860376463,0.5729716064623018,0.8665390724395119,1.2995705537275974,0.4354868336405966,1.3581354920037865,1.2641279236572038,1.0,0.8557963078848561,0.8913485607008761,0.921659887359199
277,0.7777780860376463,0.5729716064623018,0.761453061639502,1.239476730298537,0.7196514880666584,1.1465194398295206,1.3625812135062594,1.0,0.8823920525657072,0.93104662077597,0.9567428035043805
278,0.7777780860376463,0.5729716064623018,0.8428371946312956,1.4761880483138605,0.6800226615748786,1.0765385328602413,1.0345417159626376,1.0,0.8978410513141427,0.9402377972465582,0.9650344180225282
279,0.7777780860376463,0.5729716064623018,0.9988465098837607,1.4311125892912508,0.5477865659263488,1.190536371230001,1.3830980263001145,1.0,0.9133682728410513,0.9480209637046307,0.9675375469336671
280,0.7777780860376463,0.5729716064623018,0.942010667753074,1.3378088036657259,0.4471295755930757,1.0338946213549658,1.0129898696505686,1.0,0.9260403629536921,0.955999687108886,0.9749687108886108
281,0.7777780860376463,0.5729716064623018,0.9488947828067633,1.4095031383162877,0.3335527414899518,1.2031290336024285,1.2759111774362808,1.0,0.8799671464330413,0.9184527534418022,0.9449702753441802
282,0.7777780860376463,0.5729716064623018,0.8770024995614984,1.1455643003570875,0.7073401315575335,1.0965730557073274,1.2128822344461787,1.0,0.942154255319149,0.9693366708385482,0.9839252190237797
283,0.7777780860376463,0.5729716064623018,0.7592192757357377,1.333082743687818,0.6861439920117856,1.149265592554929,1.0950692411495888,1.0,0.8693288485607009,0.9105913642052565,0.9464173967459324
284,0.7777780860376463,0.5729716064623018,0.7286556834874942,1.378808730198784,0.9005766552816956,1.3681504679466703,1.3918747123939383,1.0,0.8191489361702128,0.8764862327909887,0.9119211514392991
285,0.7777780860376463,0.5729716064623018,0.7741202750992686,1.0924267251458155,0.5722414124055957,1.0281496413302875,1.3772776304329246,1.0,0.9173967459324155,0.9526361076345432,0.973404255319149
286,0.7777780860376463,0.5729716064623018,0.9453564944630138,1.1447029105964879,0.785057371929049,1.3205531575965763,1.3883745369247766,1.0,0.93319774718398,0.9587765957446809,0.976415832290363
287,0.7777780860376463,0.5729716064623018,0.9099571177088335,1.1235907421644247,0.7635164831401949,1.2820255716003097,1.06800067807912,1.0,0.9310857321652065,0.958072590738423,0.9759073842302879
288,0.7777780860376463,0.5729716064623018,0.7525436704612991,1.0875753430841522,0.8910079617513504,1.0348601649621123,1.009280121254161,1.0,0.9490769712140176,0.9791145181476846,0.9908479349186483
289,0.7777780860376463,0.5729716064623018,0.8323380939729328,1.1074946872670657,0.3099290248616414,1.2098439766202,1.286868240730491,1.0,0.8780506883604505,0.9164189612015019,0.9430929286608261
290,0.7777780860376463,0.5729716064623018,0.8958915800645868,1.1399879576075715,0.6348488962159724,1.0719552495161495,1.3365551089141512,1.0,0.9441880475594493,0.970040675844806,0.9838469962453066
291,0.7777780860376463,0.5729716064623018,0.7372912830911234,1.1658593988993966,0.40149382594952054,1.0366265357508704,1.2289313953468337,1.0,0.8721839799749687,0.9114518147684606,0.9443053817271589
292,0.7777780860376463,0.5729716064623018,0.8079977645952796,1.2592064049800666,0.5512916025994847,1.3528108276406612,1.252906910487458,1.0,0.8477393617021276,0.886968085106383,0.9183354192740926
293,0.7777780860376463,0.5729716064623018,0.8663489055280436,1.3867327151450626,0.6518939713965111,1.1318875400006525,1.3739043888463645,1.0,0.8975672715894869,0.9403160200250313,0.9635481852315394
294,0.7777780860376463,0.5729716064623018,0.7075836707646999,1.1815132439395262,0.320217020809821,1.2470223007083776,1.09023601474291,1.0,0.8042474968710889,0.859238110137672,0.8913485607008761
295,0.7777780860376463,0.5729716064623018,0.8981192719222033,1.4929602580067782,0.770195620929975,1.0660787061814465,1.11678246129173,1.0,0.9312812891113893,0.962374843554443,0.980287859824781
296,0.7777780860376463,0.5729716064623018,0.7223340049883904,1.3963725728107848,0.5758330770527852,1.2015175404122593,1.3950324911983856,1.0,0.8138688986232792,0.8725359824780976,0.9039424280350438
297,0.7777780860376463,0.5729716064623018,0.8914583929942175,1.1623391837893045,0.5178372749133491,1.0633140405824184,1.2768092603041874,1.0,0.931476846057572,0.9598717146433041,0.9780193992490613
298,0.7777780860376463,0.5729716064623018,0.8279488619566346,1.2865355468064625,0.7769585236776169,1.3341156347042207,1.2012974169009962,1.0,0.8728097622027534,0.9136420525657072,0.9464956195244055
299,0.7777780860376463,0.5729716064623018,0.9278382959548015,1.0376024695754247,0.9251184071721226,1.181758856926061,1.2377574991447102,1.0,0.9663642052565707,0.9843945556946183,0.9918648310387985
300,0.7777780860376463,0.5729716064623018,0.9505153155226999,1.4870803051783599,0.9564797253456772,1.237871537149446,1.232599074422908,1.0,0.9320635168961201,0.9620619524405507,0.9795447434292867
301,0.7777780860376463,0.5729716064623018,0.6005750039446013,1.1207616217860628,0.38830294753313876,1.0780509541071457,1.3345935159773168,1.0,0.7901282853566959,0.8549358573216521,0.8910747809762203
302,0.7777780860376463,0.5729716064623018,0.9228368500819839,1.342994705584789,0.6198954750079796,1.1022668923570338,1.3598311151614189,1.0,0.9246323529411765,0.956273466833542,0.9755162703379224
303,0.7777780860376463,0.5729716064623018,0.6880192085966332,1.0142473880072906,0.6921413623704633,1.1333072659807928,1.3710976050859938,1.0,0.8830178347934918,0.9317506257822278,0.9571339173967459
304,0.7777780860376463,0.5729716064623018,0.947430548891502,1.4849247189174557,0.7262297448801129,1.067620062690092,1.1615406877180745,1.0,0.9360528785982478,0.966168648310388,0.9819696495619524
305,0.7777780860376463,0.5729716064623018,0.8702631619529042,1.3290674066869728,0.3698840209685686,1.3627834019762588,1.3312307914542307,1.0,0.8462531289111389,0.8842302878598248,0.9146589486858573
306,0.7777780860376463,0.5729716064623018,0.6396720712111083,1.0101294542831996,0.7714959276007336,1.2274656028108462,1.1441269559100848,1.0,0.8523153942428034,0.897293491864831,0.9330021902377973
307,0.7777780860376463,0.5729716064623018,0.8764957660932022,1.3404747332089337,0.7030326441984509,1.2058469833832122,1.1176620864372702,1.0,0.8985450563204005,0.9403942428035044,0.9629224030037546
308,0.7777780860376463,0.5729716064623018,0.9289226263833746,1.2333626450844437,0.6186805236063242,1.3755462830859497,1.339237737415266,1.0,0.8915050062578223,0.9329630788485607,0.954982790988736
309,0.7777780860376463,0.5729716064623018,0.6656487063688108,1.2375464997714531,0.7387048406867698,1.2987663350763214,1.0714614007153667,1.0,0.8002581351689612,0.8637359198998749,0.8978410513141427
310,0.7777780860376463,0.5729716064623018,0.6071347919520477,1.4044075406559269,0.600596120973623,1.0794114047990997,1.052000457677911,1.0,0.7729192740926157,0.8474655819774719,0.8882587609511889
311,0.7777780860376463,0.5729716064623018,0.8439129553760565,1.2891261897246977,0.7504224586446454,1.0149737084903951,1.2909422562429047,1.0,0.9394555694618273,0.9706664580725908,0.9858025657071339
312,0.7777780860376463,0.5729716064623018,0.7442773921899533,1.2681065534203682,0.30793146740922467,1.3106191186514624,1.0790132065149731,1.0,0.7971292240300376,0.8517678347934918,0.8837218397997497
313,0.7777780860376463,0.5729716064623018,0.8336999447545121,1.2429549250613359,0.48465368677276277,1.0001694208846772,1.1660652679310193,1.0,0.9144242803504381,0.9498200876095119,0.9710575719649562
314,0.7777780860376463,0.5729716064623018,0.6616883362938002,1.2718246595552631,0.686850160631413,1.3348894281959416,1.199227780941674,1.0,0.7721370463078848,0.8400344180225281,0.8786764705882353
315,0.7777780860376463,0.5729716064623018,0.7983113809851807,1.295348764595972,0.7164196791160037,1.3735289183058859,1.2029066925957237,1.0,0.8509073842302879,0.8905663329161452,0.9231461201501877
316,0.7777780860376463,0.5729716064623018,0.6497475881172204,1.3046473957189746,0.5009599697283108,1.0277833326628452,1.0295370507905401,1.0,0.8246245306633292,0.8812578222778473,0.9135247183979975
317,0.7777780860376463,0.5729716064623018,0.9856918901446962,1.2120715913794426,0.32209446539688363,1.0475755277883756,1.1793440858980304,1.0,0.9355053191489362,0.9604192740926157,0.9772762828535669
318,0.7777780860376463,0.5729716064623018,0.7258339853648315,1.2414125440360873,0.889993112760074,1.0040127702134571,1.1462490303370858,1.0,0.9365613266583229,0.9725438047559449,0.987249687108886
319,0.7777780860376463,0.5729716064623018,0.6308782083575477,1.323141503031649,0.3377019162815245,1.2214210694579537,1.2995977000406957,1.0,0.7209793491864831,0.7901673967459324,0.8402299749687109
320,0.7777780860376463,0.5729716064623018,0.8285552141545784,1.448685458885986,0.9932965409435506,1.3122853557774774,1.330482780990859,1.0,0.881375156445557,0.9318679599499374,0.956781914893617
321,0.7777780860376463,0.5729716064623018,0.9470383166793759,1.3265304277796108,0.7448732575392907,1.015462174819051,1.1590413048904102,1.0,0.9576814768460575,0.9813438673341677,0.9905741551939925
322,0.7777780860376463,0.5729716064623018,0.8561670943791269,1.3933242592746091,0.5932767505019851,1.0112178112253647,1.0472307945129713,1.0,0.9166927409261577,0.9515801001251565,0.9735215894868585
323,0.7777780860376463,0.5729716064623018,0.9880950034493706,1.0053378480154949,0.999701800346096,1.2254211042162406,1.0983786854861723,1.0,0.976415832290363,0.9893617021276596,0.9944852941176471
324,0.7777780860376463,0.5729716064623018,0.7960118611054687,1.4594589741733799,0.3779013651286742,1.0905906629456152,1.19769228496446,1.0,0.8470744680851063,0.8896276595744681,0.9209949937421777
325,0.7777780860376463,0.5729716064623018,0.6035330285433667,1.3589230374592376,0.35365073088021853,1.184944449027529,1.1152553733475854,1.0,0.703340112640801,0.776165519399249,0.8279489987484355
326,0.7777780860376463,0.5729716064623018,0.7534184774956092,1.0306415899963028,0.8172407276964138,1.264080651773444,1.3606579860889474,1.0,0.8953379224030038,0.9388297872340425,0.9624921777221527
327,0.7777780860376463,0.5729716064623018,0.7292892816296787,1.2815253965771431,0.9116018379622377,1.1136816277188057,1.1524868414175904,1.0,0.9059371088861077,0.9466911764705882,0.9732869211514393
328,0.7777780860376463,0.5729716064623018,0.7632060039919843,1.4504773846555565,0.5609007427490017,1.1845159089405088,1.1208904500422054,1.0,0.8324859198998749,0.8828222778473092,0.9145807259073843
329,0.7777780860376463,0.5729716064623018,0.8577926575864379,1.1638919173067064,0.8932670071892856,1.1938115585859177,1.369981334715419,1.0,0.9375782227784731,0.9671855444305382,0.9826736545682102
330,0.7777780860376463,0.5729716064623018,0.9681222638358478,1.1328910481380927,0.4036241392087344,1.0263834187454324,1.307083951900547,1.0,0.9482947434292867,0.9705882352941176,0.9831038798498123
331,0.7777780860376463,0.5729716064623018,0.782032070666779,1.0859664428457814,0.745905351237339,1.0791792086319145,1.0240781034386603,1.0,0.9333150813516896,0.963665519399249,0.9809527534418022
332,0.7777780860376463,0.5729716064623018,0.7422656025595924,1.1335975277827817,0.9647099183649124,1.326883687470038,1.3648108420668748,1.0,0.8789893617021276,0.9295994993742178,0.9551001251564456
333,0.7777780860376463,0.5729716064623018,0.7663891533515889,1.2034211687800875,0.5975288404261221,1.1538441231461258,1.0600480412621442,1.0,0.8760560075093867,0.9198216520650814,0.9493507509386734
334,0.7777780860376463,0.5729716064623018,0.7992209631769683,1.4114564741203481,0.8248728800393395,1.3494711596912543,1.2763330418792254,1.0,0.8513376095118899,0.893421464330413,0.9269790362953692
335,0.7777780860376463,0.5729716064623018,0.7899019633874793,1.306167088426044,0.9895169252282132,1.3875356384019977,1.3923516595753656,1.0,0.8667474968710889,0.9107478097622027,0.9468476220275344
336,0.7777780860376463,0.5729716064623018,0.9771067250680469,1.4390439279675635,0.610199008318481,1.3597524780712271,1.0830455453567587,1.0,0.8848951814768461,0.9256492490613266,0.9502112015018773
337,0.7777780860376463,0.5729716064623018,0.8465530417593348,1.2211922666728852,0.895592748340595,1.037193736258124,1.2614860662984113,1.0,0.9588157071339174,0.983299436795995,0.9924906132665833
338,0.7777780860376463,0.5729716064623018,0.690076990232187,1.2571058797657793,0.6905812187759333,1.0453370433117017,1.2522753800365285,1.0,0.8732008760951189,0.9224421151439299,0.9536138923654568
339,0.7777780860376463,0.5729716064623018,0.8511624825611064,1.160957423789077,0.6211090279807929,1.1421498872638631,1.386620712667343,1.0,0.9170838548185232,0.9518538798498123,0.9714095744680851
340,0.7777780860376463,0.5729716064623018,0.6523287421741922,1.2620997474214217,0.4573678808953165,1.0735334131903953,1.0975634753970474,1.0,0.8118742177722152,0.8719102002503129,0.9042944305381727
341,0.7777780860376463,0.5729716064623018,0.9983826192308671,1.2402756508920756,0.35295569286121764,1.3392254837616135,1.0582563018918871,1.0,0.8991317271589487,0.9351142052565707,0.9563125782227785
342,0.7777780860376463,0.5729716064623018,0.940808976237979,1.4560623122980294,0.4271218020208056,1.361030638037534,1.373154182793197,1.0,0.8606461201501877,0.8948294743429287,0.925023466833542
343,0.7777780860376463,0.5729716064623018,0.7175084613737648,1.4105836543825396,0.4172423872394093,1.0881239654475365,1.038570076696867,1.0,0.8196964956195244,0.8757431163954944,0.905819774718398
344,0.7777780860376463,0.5729716064623018,0.8291092601332974,1.2432464366872678,0.894184297377818,1.072687904364121,1.0499139299836582,1.0,0.9460262828535669,0.9767678347934918,0.9889705882352942
345,0.7777780860376463,0.5729716064623018,0.6859980935470046,1.0774181279271409,0.8752231837901296,1.2943318798515693,1.2477423302220139,1.0,0.8621323529411764,0.9048419899874843,0.9419586983729662
346,0.7777780860376463,0.5729716064623018,0.8589302614423264,1.4587788855049375,0.46736766850436307,1.1877553708629902,1.2691809794933402,1.0,0.863031914893617,0.8986232790988736,0.9315941802252816
347,0.7777780860376463,0.5729716064623018,0.8885306670277819,1.4960409415604767,0.8323679832058677,1.0640949187289233,1.2407247952591585,1.0,0.9353097622027534,0.9675375469336671,0.983729662077597
348,0.7777780860376463,0.5729716064623018,0.7250126607596886,1.2820353506728068,0.9366570913075958,1.3895556149526604,1.1036364676997437,1.0,0.834715269086358,0.8836436170212766,0.9209167709637046
349,0.7777780860376463,0.5729716064623018,0.9799841894879344,1.190271811676456,0.3444005864660952,1.2217901384978784,1.3661475411398032,1.0,0.915206508135169,0.9474342928660826,0.9664033166458073
350,0.7777780860376463,0.5729716064623018,0.716054059044891,1.480595181617792,0.6916051722943697,1.1814233401709415,1.2023823339225455,1.0,0.8206351689612015,0.8779333541927409,0.9119211514392991
351,0.7777780860376463,0.5729716064623018,0.8800475299725607,1.2048458307903263,0.9304930915530691,1.290578281914169,1.3046250426197106,1.0,0.9275265957446809,0.9577596996245307,0.9766896120150188
352,0.7777780860376463,0.5729716064623018,0.8615807506861479,1.0128847529876752,0.4869111139298409,1.2035575604630275,1.2067280395158702,1.0,0.9193914267834793,0.9512280976220275,0.9695713391739674
353,0.7777780860376463,0.5729716064623018,0.7923115027873462,1.3885006488565332,0.7671854160770248,1.1146817265865998,1.3115931755063461,1.0,0.8909183354192741,0.9375,0.9628441802252816
354,0.7777780860376463,0.5729716064623018,0.7344347421549544,1.4830050485187312,0.778035608375673,1.1797052374139974,1.0214613251666669,1.0,0.8457446808510638,0.8943601376720901,0.9299906132665833
355,0.7777780860376463,0.5729716064623018,0.8266499426632625,1.2382690023610403,0.7289800741305162,1.255963850279786,1.127150897489023,1.0,0.8874374217772215,0.9324546307884856,0.9563908010012516
356,0.7777780860376463,0.5729716064623018,0.9842741105428547,1.106951371267726,0.36299526655042147,1.2600720125818097,1.055352372860439,1.0,0.925531914893617,0.9536138923654568,0.9700015644555695
357,0.7777780860376463,0.5729716064623018,0.7683178577476591,1.2775990474240533,0.3036893624813479,1.364476807827963,1.0925861851064895,1.0,0.7986936795994994,0.8513376095118899,0.8829005006257822
358,0.7777780860376463,0.5729716064623018,0.7365432740732958,1.4851320313256127,0.3972874838296955,1.0757338606822835,1.0769588988462946,1.0,0.8196964956195244,0.875430225281602,0.9055068836045056
359,0.7777780860376463,0.5729716064623018,0.8623593715283291,1.488837649977744,0.556067845153503,1.3815420565529042,1.272648415633294,1.0,0.8325641426783479,0.8786764705882353,0.9086749061326658
360,0.7777780860376463,0.5729716064623018,0.6802745349578573,1.1145223626188592,0.4733287590667647,1.0204773233928726,1.167737957712571,1.0,0.8678817271589487,0.9081273466833542,0.9432493742177722
361,0.7777780860376463,0.5729716064623018,0.6729204037695511,1.2741442601211532,0.9395318812354696,1.3945772737484077,1.2495133248119281,1.0,0.7973247809762203,0.8635403629536921,0.8999530663329162
362,0.7777780860376463,0.5729716064623018,0.9157561378462656,1.151988494085313,0.8594346148274117,1.3226153901797753,1.053059071102187,1.0,0.9319852941176471,0.9587765957446809,0.9766896120150188
363,0.7777780860376463,0.5729716064623018,0.7276275651946589,1.196200092743519,0.8441726223880701,1.2356610424985743,1.2039711179408985,1.0,0.8714408635794744,0.918218085106383,0.9509152065081352
364,0.7777780860376463,0.5729716064623018,0.7343585760655399,1.0937539708737039,0.9779352728520525,1.2630491170031524,1.0483316643960614,1.0,0.9025344180225282,0.9426627033792241,0.9680851063829787
365,0.7777780860376463,0.5729716064623018,0.8632852956240539,1.042575600851795,0.32346113213733996,1.2668302846033144,1.2217722251512186,1.0,0.8906054443053817,0.9300297246558198,0.9526361076345432
366,0.7777780860376463,0.5729716064623018,0.9666397427322786,1.0555810149534135,0.36313622496968256,1.1949036280637255,1.178273317197065,1.0,0.9342146433041302,0.9584637046307884,0.9749687108886108
367,0.7777780860376463,0.5729716064623018,0.934949070651423,1.0605670705225725,0.8828083823969983,1.3145700166499863,1.393043131208441,1.0,0.9467693992490613,0.9697277847309136,0.9834949937421777
368,0.7777780860376463,0.5729716064623018,0.8043869049687042,1.2363685022027284,0.707709098914024,1.3569943768621608,1.0412642179302813,1.0,0.862523466833542,0.8990535043804756,0.9332759699624531
369,0.7777780860376463,0.5729716064623018,0.7767876603602344,1.0078852837840169,0.9624672770304663,1.1614691788209477,1.322557086597271,1.0,0.9447356070087609,0.975125156445557,0.9876799123904881
370,0.7777780860376463,0.5729716064623018,0.7715973351891497,1.276967541572261,0.828555669243966,1.287317093657785,1.0689959805391245,1.0,0.8679990613266584,0.9090660200250313,0.9453613892365457
371,0.7777780860376463,0.5729716064623018,0.6156899293430985,1.149471352699188,0.9370328600890783,1.1747760766589095,1.2506295534507608,1.0,0.8499295994993742,0.9030819774718398,0.9448920525657072
372,0.7777780860376463,0.5729716064623018,0.826190467327687,1.0716587966304534,0.6492840955312449,1.009255132950766,1.0202957946029751,1.0,0.9466520650813517,0.9727784730913642,0.9865456821026283
373,0.7777780860376463,0.5729716064623018,0.9661728628816002,1.3901234629715968,0.38119285956570226,1.1791786551938406,1.3493923518935538,1.0,0.8929912390488111,0.9334715269086358,0.9564299123904881
374,0.7777780860376463,0.5729716064623018,0.9136932217150053,1.1757932679960426,0.4954245500569595,1.304729992209819,1.0287816667289884,1.0,0.8965112640801001,0.9361311013767208,0.9571339173967459
375,0.7777780860376463,0.5729716064623018,0.6468667935641398,1.4949514739380025,0.30855802668407756,1.1043410457984657,1.0756788469866159,1.0,0.7325172090112642,0.8042083854818523,0.8520807259073843
376,0.7777780860376463,0.5729716064623018,0.6128850682088283,1.3418955575463742,0.31581006965444774,1.129479880967758,1.149750824317489,1.0,0.7253598247809763,0.7971292240300376,0.8466051314142679
377,0.7777780860376463,0.5729716064623018,0.7641180425191498,1.4279455461409567,0.6590287968414255,1.1958399262804449,1.34447795643254,1.0,0.8466442428035044,0.8910747809762203,0.9254145807259074
378,0.7777780860376463,0.5729716064623018,0.6077601585303138,1.1769090479374107,0.49285247896923556,1.0598438213590025,1.1487645401302289,1.0,0.8052643929912391,0.8683119524405507,0.9027690863579474
379,0.7777780860376463,0.5729716064623018,0.6146363711257543,1.173573105536856,0.6170051996480936,1.2315845324856505,1.226316593881909,1.0,0.7751877346683355,0.8443757822277848,0.8830178347934918
380,0.7777780860376463,0.5729716064623018,0.8720688327137912,1.1868866799129258,0.6081176637452583,1.1807737623357384,1.1140842828601487,1.0,0.9132900500625782,0.948607634543179,0.9685153316645807
381,0.7777780860376463,0.5729716064623018,0.7589082479038669,1.366177140581456,0.47479904320964006,1.083544724502788,1.1225976442264682,1.0,0.856578535669587,0.8961592615769712,0.9304599499374218
382,0.7777780860376463,0.5729716064623018,0.6933631185594321,1.3073116905364555,0.5034154559523591,1.1935146643668464,1.3856087037199871,1.0,0.8031914893617021,0.8634230287859825,0.896863266583229
383,0.7777780860376463,0.5729716064623018,0.6380673202514188,1.1669968088995033,0.6583663263564926,1.0775446593985027,1.1743068517075779,1.0,0.847113579474343,0.8967068210262829,0.9335497496871089
384,0.7777780860376463,0.5729716064623018,0.7134074520362527,1.4637681558813629,0.329009336566876,1.0688262935089754,1.3544689891812904,1.0,0.8010012515644556,0.8603332290362954,0.8943992490613266
385,0.7777780860376463,0.5729716064623018,0.7466751052948715,1.07262932211525,0.6831354141682255,1.287018820841463,1.3618171522385842,1.0,0.8697590738423029,0.9088704630788486,0.9430538172715894
386,0.7777780860376463,0.5729716064623018,0.9236286855369964,1.0337564182479224,0.7922398941140247,1.2205341104762615,1.3957981006906683,1.0,0.9518147684605758,0.9745775969962454,0.9861545682102628
387,0.7777780860376463,0.5729716064623018,0.874420176654767,1.2095865921160103,0.950602560122559,1.075152632096984,1.141705218595044,1.0,0.96444774718398,0.9863892365456821,0.9933901752190237
388,0.7777780860376463,0.5729716064623018,0.8521224042761664,1.4441932824593748,0.3928049720086192,1.0568075192219186,1.3518087182217617,1.0,0.8748435544430538,0.9142287234042553,0.9448920525657072
389,0.7777780860376463,0.5729716064623018,0.7893375920484971,1.4348919556365658,0.4455033082244999,1.3272501590225743,1.2543406637879535,1.0,0.8029568210262829,0.8579865456821026,0.8903707759699624
390,0.7777780860376463,0.5729716064623018,0.6048900806018057,1.2972188172665007,0.3419841030583511,1.2568321388047292,1.1519973341805887,1.0,0.6945791614518148,0.7675219023779725,0.8185622653316645
391,0.7777780860376463,0.5729716064623018,0.6819725689842692,1.1295154430934053,0.9664643575921932,1.1130940560820195,1.3142775767575676,1.0,0.9156758448060075,0.9547481226533167,0.9780585106382979
392,0.7777780860376463,0.5729716064623018,0.8377251722636571,1.0698340905819534,0.4978445265386141,1.3962640241027233,1.3263102178668473,1.0,0.8735919899874843,0.9088704630788486,0.9389471214017522
393,0.7777780860376463,0.5729716064623018,0.9710170511277976,1.2839224186279619,0.37880749623437404,1.2169918267320623,1.2158254923718443,1.0,0.9034339799749687,0.9403160200250313,0.9606930538172715
394,0.7777780860376463,0.5729716064623018,0.6952876817853901,1.4989363910612246,0.32672493972153327,1.3467051436323887,1.163841439989058,1.0,0.7079161451814768,0.7754224030037546,0.8232947434292865
395,0.7777780860376463,0.5729716064623018,0.7974672584194183,1.086163923869394,0.3510929862836931,1.032447414035787,1.134932406129291,1.0,0.8999921777221527,0.9400422403003754,0.9624530663329162
396,0.7777780860376463,0.5729716064623018,0.9402094267944152,1.2021173432530066,0.8068989469907786,1.132508876107888,1.016049681767728,1.0,0.9547481226533167,0.9779411764705882,0.988462140175219
397,0.7777780860376463,0.5729716064623018,0.8849104450728335,1.3141400606762856,0.5951599886233782,1.3242204878226778,1.3632366095661428,1.0,0.8745306633291614,0.9123122653316645,0.9430538172715894
398,0.7777780860376463,0.5729716064623018,0.8035924201203704,1.3686220691349895,0.41552671063877183,1.2928863032879492,1.2097266194064942,1.0,0.8251720901126408,0.8749608886107635,0.9041379849812266
399,0.7777780860376463,0.5729716064623018,0.9460024240802789,1.1171796941899508,0.8012631778353865,1.1054489844804896,1.3437486611918745,1.0,0.9630788485607009,0.9829474342928661,0.9911217146433041
400,0.7777780860376463,0.5729716064623018,0.7188575736777538,1.2948595038712547,0.5076934790405003,1.3054014311735198,1.0061758548099802,1.0,0.7972074468085106,0.8555616395494368,0.8890409887359199
401,0.7777780860376463,0.5729716064623018,0.9767421298085245,1.4302325606143247,0.8369278803891667,1.2523718604173606,1.398561833501914,1.0,0.9265488110137672,0.9570556946182729,0.9759073842302879
402,0.7777780860376463,0.5729716064623018,0.9008954208883184,1.0175504440308634,0.7792829959125727,1.0235558279675319,1.147209437837763,1.0,0.9732869211514393,0.9885403629536921,0.9939377346683355
403,0.7777780860376463,0.5729716064623018,0.7883812280531576,1.4230579759572035,0.9089947468472839,1.338880117864548,1.3788282327310815,1.0,0.8563438673341677,0.8991708385481852,0.934136420525657
404,0.7777780860376463,0.5729716064623018,0.7630140192975129,1.3380229448795795,0.9193992724075959,1.2914993261038659,1.1967929670338189,1.0,0.865965269086358,0.9091833541927409,0.947316958698373
405,0.7777780860376463,0.5729716064623018,0.7872894747294932,1.2162136343372698,0.6657397733449346,1.265371475297391,1.2104729223895676,1.0,0.8693288485607009,0.9068366708385482,0.9417240300375469
406,0.7777780860376463,0.5729716064623018,0.8894071755660768,1.3546071499074293,0.710349683752791,1.0223977810677558,1.3025287834513428,1.0,0.9382822277847309,0.9690628911138923,0.984159887359199
407,0.7777780860376463,0.5729716064623018,0.8092240446559474,1.0091423015004202,0.410782414773026,1.0590754794918513,1.2958108163303923,1.0,0.9184918648310388,0.952479662077597,0.9708229036295369
408,0.7777780860376463,0.5729716064623018,0.7181421942186436,1.3466989384639865,0.9721985483950961,1.2585404662315907,1.1104380601581625,1.0,0.8617803504380476,0.9077753441802253,0.946964956195244
409,0.7777780860376463,0.5729716064623018,0.9714359780481432,1.4210074010606037,0.3339304776979132,1.2971139256825213,1.2903238631213363,1.0,0.8741786608260326,0.908831351689612,0.9372262202753442
410,0.7777780860376463,0.5729716064623018,0.8021366642160663,1.2060689465080399,0.7509190218689518,1.1260556990993853,1.2399855848148407,1.0,0.9148545056320401,0.9503676470588235,0.9725438047559449
411,0.7777780860376463,0.5729716064623018,0.9731622337321775,1.2171876372282542,0.7911192465389569,1.374783101652745,1.2892485164188145,1.0,0.9241239048811014,0.9544352315394242,0.9718789111389237
412,0.7777780860376463,0.5729716064623018,0.6272218692613316,1.4425384220896644,0.3061929583761888,1.268213850189087,1.0109617389447327,1.0,0.6813204005006257,0.7549671464330413,0.8052252816020025
413,0.7777780860376463,0.5729716064623018,0.6940400655083656,1.1382912092876536,0.9750261661978166,1.1604137682385278,1.259157710080918,1.0,0.9065628911138923,0.946964956195244,0.973482478097622
414,0.7777780860376463,0.5729716064623018,0.7517073581853506,1.4450730175773667,0.5328259771456922,1.330698682593648,1.2094103499808813,1.0,0.7874295994993742,0.8478958072590739,0.8825484981226533
415,0.7777780860376463,0.5729716064623018,0.6344238113917404,1.0628075286737968,0.7010609765214377,1.3784525947159803,1.377728095841891,1.0,0.7828535669586983,0.8485607008760951,0.885677409261577
416,0.7777780860376463,0.5729716064623018,0.8159272425950153,1.292848917972975,0.8231872846583494,1.3760697561450266,1.0661331897944217,1.0,0.865965269086358,0.9043726533166458,0.9398075719649562
417,0.7777780860376463,0.5729716064623018,0.8067065173510203,1.4643778965931649,0.7328656644810465,1.0301843034417608,1.109258428449212,1.0,0.9080100125156445,0.9468085106382979,0.9725438047559449
418,0.7777780860376463,0.5729716064623018,0.7654669865518677,1.0390024451735036,0.8128877791464402,1.2434017421560148,1.243339491593473,1.0,0.905897997496871,0.9440316020025031,0.9669899874843555
419,0.7777780860376463,0.5729716064623018,0.670486015543898,1.020154602357519,0.866983395377543,1.086154083226276,1.0432032738224277,1.0,0.9191567584480601,0.9544743429286608,0.9773936170212766
420,0.7777780860376463,0.5729716064623018,0.8237787499345064,1.0542051916147435,0.41413004644995927,1.0398162694511812,1.2170219163304474,1.0,0.9208776595744681,0.9535356695869838,0.9725046933667084
421,0.7777780860376463,0.5729716064623018,0.8778748507803521,1.4246167642118954,0.7544701082544624,1.1264248921727398,1.361109514321372,1.0,0.9145416145181476,0.9504458698372966,0.9723091364205256
422,0.7777780860376463,0.5729716064623018,0.6223259465463902,1.3507135506524912,0.38123321542401395,1.2500108019422158,1.2422947774362325,1.0,0.7054130162703379,0.7774561952440551,0.8279489987484355
423,0.7777780860376463,0.5729716064623018,0.7780255915868527,1.373288653293194,0.8042417302448086,1.2768068787837832,1.3388504593326904,1.0,0.859159887359199,0.9004224030037546,0.9356617647058824
424,0.7777780860376463,0.5729716064623018,0.9930915954047541,1.475183994247284,0.48867978990711713,1.1707055196802503,1.2199437020573378,1.0,0.9042944305381727,0.9420369211514393,0.9631961827284106
425,0.7777780860376463,0.5729716064623018,0.8758770980848258,1.2901049072703346,0.9209926050029182,1.2191824333118273,1.1274958176003582,1.0,0.9310857321652065,0.9611623904881101,0.9790362953692116
426,0.7777780860376463,0.5729716064623018,0.9186422728581224,1.1723094026700438,0.5243758595626512,1.371845021438399,1.0424243985109052,1.0,0.8907227784730913,0.9309292866082604,0.9532227784730913
427,0.7777780860376463,0.5729716064623018,0.8837995110445289,1.2320487858620994,0.8986232020356435,1.3437469880801434,1.2877400495077687,1.0,0.9121558197747184,0.9472778473091364,0.9680459949937422
428,0.7777780860376463,0.5729716064623018,0.6182786450269808,1.3104701163140993,0.3848661754957486,1.3155360427790987,1.3290819751781533,1.0,0.6910591364205256,0.7644712140175219,0.8154724655819775
429,0.7777780860376463,0.5729716064623018,0.7427892490850867,1.0565189866851392,0.3135554035753381,1.0548075896317821,1.048919803602823,1.0,0.8778160200250313,0.9178269712140175,0.9463391739674594
430,0.7777780860376463,0.5729716064623018,0.9900304289793216,1.2960963938959726,0.3119971031262208,1.0654507495351335,1.3376834808852935,1.0,0.9245932415519399,0.9543570087609512,0.9723091364205256
431,0.7777780860376463,0.5729716064623018,0.8443525210710071,1.1090009570939268,0.6455591803219622,1.166563073411342,1.1317866525590297,1.0,0.9206038798498123,0.953770337922403,0.9729349186483104
432,0.7777780860376463,0.5729716064623018,0.9270076352640765,1.208779720863332,0.4757730522924432,1.3739748008360115,1.2315908013942414,1.0,0.8846996245306633,0.9231852315394242,0.9481382978723404
433,0.7777780860376463,0.5729716064623018,0.6752554184944636,1.3393583916886267,0.8841293164507327,1.3418236929849128,1.0515441734281432,1.0,0.7971292240300376,0.8632274718397998,0.8990143929912391
434,0.7777780860376463,0.5729716064623018,0.6241999978256364,1.0352065668434727,0.7119363179038909,1.081368785390793,1.317156042722809,1.0,0.8663954943679599,0.9134464956195244,0.9497809762202754
435,0.7777780860376463,0.5729716064623018,0.8938311859960331,1.330945159455909,0.6702002128261677,1.2747619884955204,1.2748526846152575,1.0,0.8889627659574468,0.9330804130162703,0.9560387984981227
436,0.7777780860376463,0.5729716064623018,0.8204383220311817,1.264724955466234,0.5602091139981633,1.3323957771283266,1.190659790534328,1.0,0.8570869837296621,0.8938125782227785,0.9249452440550688
437,0.7777780860376463,0.5729716064623018,0.6490767139238915,1.3022122436404666,0.6283134069006315,1.299307503908884,1.3021004431734542,1.0,0.7559058197747184,0.8273232165206508,0.8695635168961202
438,0.7777780860376463,0.5729716064623018,0.8354404963966854,1.1034352774980343,0.6375942891524538,1.241748344573635,1.3716469399043145,1.0,0.9015566332916145,0.9413720275344181,0.9630788485607009
439,0.7777780860376463,0.5729716064623018,0.9365459364302953,1.4895703175488424,0.6435112449515552,1.3197230191195448,1.3353782643815002,1.0,0.8760168961201502,0.915714956195244,0.9450093867334167
440,0.7777780860376463,0.5729716064623018,0.9447175560936156,1.1476100998391336,0.8681740023364923,1.1183242060434975,1.3409036764635327,1.0,0.9645259699624531,0.984238110137672,0.9918257196495619
441,0.7777780860376463,0.5729716064623018,0.661526536630168,1.1588418266983378,0.6113361598249557,1.2232133464099817,1.3184111153302158,1.0,0.8157462453066333,0.8737875469336671,0.9059371088861077
442,0.7777780860376463,0.5729716064623018,0.9543117010409308,1.4405459033887846,0.5675190517574553,1.1891147042747467,1.0928064064549492,1.0,0.9010872966207759,0.9407853566958698,0.962374843554443
443,0.7777780860376463,0.5729716064623018,0.6434000633835658,1.4772753180120102,0.9472239594718439,1.300267086318269,1.2808244469266268,1.0,0.7692036921151439,0.8473091364205256,0.8895885481852316
444,0.7777780860376463,0.5729716064623018,0.9067978706058349,1.0006797644716767,0.42476100494496677,1.3112159375435324,1.163080210177601,1.0,0.9151673967459324,0.9467302878598248,0.9660904255319149
445,0.7777780860376463,0.5729716064623018,0.93252233982078,1.0384147191645572,0.4642432264127012,1.2711764141688386,1.0271837554068786,1.0,0.9258448060075094,0.954630788485607,0.9709793491864831
446,0.7777780860376463,0.5729716064623018,0.9031983469218565,1.1056814111431499,0.4662319270633404,1.3374696913787623,1.3822422404240295,1.0,0.8943992490613266,0.9339799749687109,0.9555694618272841
447,0.7777780860376463,0.5729716064623018,0.9486424958769464,1.2850650271477784,0.9687154852678548,1.2442998716075482,1.3845840447633337,1.0,0.9463000625782227,0.9726611389236546,0.985880788485607
448,0.7777780860376463,0.5729716064623018,0.6478833006037067,1.4735308368901996,0.986014658016622,1.168481386917639,1.0316521957919733,1.0,0.8380006257822278,0.8972543804755945,0.9371871088861077
449,0.7777780860376463,0.5729716064623018,0.9435097722782309,1.226370124803053,0.5920871890058451,1.0195031764685387,1.247114052615963,1.0,0.950328535669587,0.9743429286608261,0.9862719023779725
450,0.7777780860376463,0.5729716064623018,0.8185017701530135,1.1402376371503633,0.5691820278156834,1.173436440333064,1.025123632942964,1.0,0.8958072590738423,0.9380084480600751,0.960653942428035
451,0.7777780860376463,0.5729716064623018,0.9923117204480232,1.0762193786999237,0.47866467907274346,1.273478328948333,1.0229842670042117,1.0,0.9366786608260326,0.9596761576971214,0.9755944931163955
452,0.7777780860376463,0.5729716064623018,0.6297952639358053,1.3242775749886946,0.603797547594264,1.3773236187793816,1.154295571454482,1.0,0.7046698998748435,0.7797637672090113,0.8321730287859825
453,0.7777780860376463,0.5729716064623018,0.8871051104249092,1.1157464374848054,0.5635071960782896,1.051905531458024,1.2970784421099584,1.0,0.9410200250312891,0.9673811013767208,0.9821260951188986
454,0.7777780860376463,0.5729716064623018,0.6109622205318379,1.4671211392681032,0.5340211820509737,1.3021048633812016,1.3370441663016601,1.0,0.6756492490613266,0.7535982478097623,0.8079630788485607
455,0.7777780860376463,0.5729716064623018,0.9319646070736727,1.2703846407676238,0.4439612166850839,1.282985094613205,1.1974057813143826,1.0,0.8878676470588235,0.9286608260325406,0.9517365456821026
456,0.7777780860376463,0.5729716064623018,0.9108440073877775,1.356334716510299,0.805611306914511,1.0379815953085343,1.1532844569397145,1.0,0.9509543178973717,0.9787234042553191,0.9896354818523154
457,0.7777780860376463,0.5729716064623018,0.8391847093072761,1.1526246529432362,0.9123953520752426,1.2529702218713499,1.2922021546446791,1.0,0.926822590738423,0.9577205882352942,0.9767678347934918
458,0.7777780860376463,0.5729716064623018,0.6339559503894739,1.3985033425077134,0.7413102335558794,1.3589062319032683,1.108162213740752,1.0,0.7176548811013768,0.7983025657071339,0.8484433667083855
459,0.7777780860376463,0.5729716064623018,0.6634914867547306,1.130469193072154,0.3492949543929669,1.0969058978033934,1.177268860075498,1.0,0.823177409261577,0.8771120150187734,0.9070713391739674
460,0.7777780860376463,0.5729716064623018,0.9673138122882204,1.383598541978658,0.7248302674091509,1.0078968880725983,1.1767751965154782,1.0,0.9569383604505632,0.9806398623279099,0.9903785982478097
461,0.7777780860376463,0.5729716064623018,0.7298052968238556,1.4574966976288908,0.6057634962820044,1.1474939103092148,1.1621279126605173,1.0,0.8286138923654568,0.8821964956195244,0.9149327284105131
462,0.7777780860376463,0.5729716064623018,0.7985474447926839,1.4780621000821343,0.4233779452565509,1.258109725043144,1.3510797977392885,1.0,0.8131257822277848,0.8680381727158949,0.8978801627033792
463,0.7777780860376463,0.5729716064623018,0.8815623625869418,1.1618504729703556,0.6790136821887056,1.255107441234976,1.2165099570380016,1.0,0.9137984981226533,0.9482165206508135,0.9678113266583229
464,0.7777780860376463,0.5729716064623018,0.8331946641076484,1.1241630972898269,0.8008344852875395,1.0818276593207736,1.2116979667140335,1.0,0.9452831664580725,0.9731695869837297,0.9867803504380476
465,0.7777780860376463,0.5729716064623018,0.8861344639508045,1.3898832730060047,0.6598860579616574,1.1302277848318298,1.327782911957601,1.0,0.907970901126408,0.9454396120150188,0.9675375469336671
466,0.7777780860376463,0.5729716064623018,0.6026374395089111,1.0137538160038506,0.7606009388274004,1.3978820712701399,1.0032344636577308,1.0,0.7697512515644556,0.8399953066332916,0.8789502503128911
467,0.7777780860376463,0.5729716064623018,0.8530992347938766,1.2444307623260527,0.40018450185402255,1.2560605411628494,1.03336606277796,1.0,0.8701892991239049,0.9034730913642053,0.9349577596996246
468,0.7777780860376463,0.5729716064623018,0.7098579540727689,1.4203029693184268,0.31856875061635387,1.0086245953869386,1.1049654739683994,1.0,0.820596057571965,0.8758213391739674,0.9065628911138923
469,0.7777780860376463,0.5729716064623018,0.6314325924131851,1.1377640194652332,0.43276336798086856,1.0180238761092892,1.2698758839412392,1.0,0.8317036921151439,0.8848951814768461,0.9174358573216521
470,0.7777780860376463,0.5729716064623018,0.8819073083144268,1.2804036904338887,0.7951853218024743,1.1395527567341308,1.166506962677007,1.0,0.9337061952440551,0.9629224030037546,0.9803269712140176
471,0.7777780860376463,0.5729716064623018,0.9087620401005607,1.153593085308367,0.90332372987402,1.1596474553107703,1.212036626616667,1.0,0.9566254693366708,0.9800140801001251,0.9897137046307884
472,0.7777780860376463,0.5729716064623018,0.6450794731985725,1.201724828879009,0.9882833428801832,1.2339646396620396,1.3888880248318463,1.0,0.8486780350438048,0.9019086357947435,0.9423889236545682
473,0.7777780860376463,0.5729716064623018,0.9397747053764465,1.3174829569474933,0.5457028908840769,1.251825768384842,1.2938398670097184,1.0,0.897215269086358,0.9380475594493116,0.9594806007509387
474,0.7777780860376463,0.5729716064623018,0.7553176077383315,1.2516115357264732,0.6291055304600882,1.3605338325236838,1.3581129289613418,1.0,0.8251720901126408,0.8761733416770964,0.9074624530663329
475,0.7777780860376463,0.5729716064623018,0.7143070303643536,1.1984252792898835,0.7311236414797664,1.2846747560153418,1.1056372260369947,1.0,0.8435153316645807,0.8886498748435544,0.9230678973717147
476,0.7777780860376463,0.5729716064623018,0.805695335870134,1.1929070595469107,0.8495675148360204,1.261090590932767,1.1325324620089654,1.0,0.8988970588235294,0.9403160200250313,0.9642521902377973
477,0.7777780860376463,0.5729716064623018,0.990784522328116,1.0806481435279427,0.5881837977072111,1.0024165967990286,1.2428347717719783,1.0,0.9688673341677096,0.9839643304130162,0.9919430538172715
478,0.7777780860376463,0.5729716064623018,0.7384400930226735,1.4221907212663405,0.6934973530398406,1.3260075065687884,1.1075129591939146,1.0,0.8036217146433041,0.8636968085106382,0.8968241551939925
479,0.7777780860376463,0.5729716064623018,0.9251184133053147,1.1416327640702832,0.6758770969051602,1.0531807134613052,1.367027249270369,1.0,0.9552565707133918,0.9778238423028786,0.9885403629536921
480,0.7777780860376463,0.5729716064623018,0.6913806791192274,1.3579841110303172,0.871536667982747,1.3821994355431568,1.3751104630111906,1.0,0.7891896120150188,0.8555225281602002,0.8929912390488111
481,0.7777780860376463,0.5729716064623018,0.9782612898731358,1.0310029515166883,0.7592190476948484,1.0874745273954325,1.1189544485435667,1.0,0.9729740300375469,0.9870150187734669,0.9929599499374218
482,0.7777780860376463,0.5729716064623018,0.8739711878869618,1.4018993459139673,0.5049312124843544,1.1253162945263901,1.04713510948433,1.0,0.8853645181476846,0.9279959324155194,0.9538876720901126
483,0.7777780860376463,0.5729716064623018,0.9525520126523813,1.0900472641204941,0.7477160241805245,1.0709544285764812,1.35618998273624,1.0,0.9664033166458073,0.9838861076345432,0.9918257196495619
484,0.7777780860376463,0.5729716064623018,0.6964234730163806,1.3742837209524628,0.5287826905778215,1.1122888966470286,1.1836142692542138,1.0,0.8209089486858573,0.877581351689612,0.9089877972465582
485,0.7777780860376463,0.5729716064623018,0.6516099672167253,1.3959621407790646,0.3049570504533516,1.1480416577785857,1.3099153813281843,1.0,0.7390488110137672,0.8121088861076345,0.8557571964956195
486,0.7777780860376463,0.5729716064623018,0.706495410955067,1.3198716306712137,0.5955009287452699,1.385311342909677,1.3852484178539457,1.0,0.7712374843554444,0.8356930538172715,0.8730053191489362
487,0.7777780860376463,0.5729716064623018,0.9379386856071381,1.2241168433154734,0.588574776873046,1.3993275090667874,1.141234537225446,1.0,0.8903707759699624,0.93104662077597,0.9534183354192741
488,0.7777780860376463,0.5729716064623018,0.6596968540483474,1.0247927818111042,0.40985480305360483,1.345607156254589,1.1878197452581265,1.0,0.7914580725907384,0.849694931163955,0.8833307259073843
489,0.7777780860376463,0.5729716064623018,0.617286878376393,1.2356894798768476,0.8039799267979719,1.033075095356677,1.112503997021292,1.0,0.8616630162703379,0.9153238423028786,0.9534965581977471
490,0.7777780860376463,0.5729716064623018,0.8845384726063638,1.026759978975371,0.8614824989970018,1.0055334498890576,1.1402545749594035,1.0,0.9779411764705882,0.9908870463078848,0.9968319774718398
491,0.7777780860376463,0.5729716064623018,0.783899151972035,1.4466280331897172,0.8771724086573045,1.111894205316147,1.198568427008444,1.0,0.9012828535669587,0.9438360450563203,0.9709402377972466
492,0.7777780860376463,0.5729716064623018,0.9336366861104108,1.269088279316931,0.6821237065434456,1.3509247188682862,1.0820404405118553,1.0,0.8992490613266584,0.9386342302878599,0.9599108260325406
493,0.7777780860376463,0.5729716064623018,0.6142973402500682,1.078921287970816,0.8792345595056135,1.2394015412701613,1.2214085472244613,1.0,0.8330334793491865,0.8876720901126408,0.925101689612015
494,0.7777780860376463,0.5729716064623018,0.7115249316083267,1.0011997810102846,0.7977143018001562,1.018985060245512,1.2607874079267944,1.0,0.9381257822277848,0.9708229036295369,0.9860763454317898
495,0.7777780860376463,0.5729716064623018,0.8603725287237968,1.0992960671037644,0.888289221318352,1.232900277747784,1.3449051808427428,1.0,0.9379693366708386,0.9662859824780976,0.9818914267834793
496,0.7777780860376463,0.5729716064623018,0.7197239132965001,1.4749309113187759,0.34044103716561225,1.093102182604762,1.3765319870941868,1.0,0.7984198998748435,0.8580256570713392,0.8924436795994993
497,0.7777780860376463,0.5729716064623018,0.8096505084635419,1.1568828290112199,0.8558706105566725,1.2321325297753047,1.0698742028366435,1.0,0.9150891739674594,0.9501329787234043,0.9716442428035044
498,0.7777780860376463,0.5729716064623018,0.7807910439407129,1.327201575921863,0.47677240033120455,1.1166419492200548,1.1561572846462456,1.0,0.8635794743429287,0.9004615143929913,0.9353488735919899
499,0.7777780860376463,0.5729716064623018,0.8793183364886084,1.3477134003066373,0.345614074902893,1.3929552618245002,1.03700612758061,1.0,0.8411295369211514,0.8811404881101377,0.9105913642052565
